,@timestamp,event.original,host.ip,tags,type,filterlog0,filterlog1,filterlog2,filterlog3,filterlog4,filterlog5,filterlog6,filterlog7,filterlog8,filterlog9,filterlog10,filterlog11,filterlog12,filterlog13,filterlog14,filterlog15,filterlog16,filterlog17,filterlog18,filterlog19,filterlog20,filterlog21,filterlog22,filterlog23,filterlog24,filterlog25,filterlog26,filterlog27,filterlog28
102,"Oct 25, 2022 @ 04:29:05.410","<134>Oct 25 11:29:05 filterlog[20727]: 4,,,1000000103,em2,match,block,in,4,0x0,,128,42901,0,DF,6,tcp,40,192.168.170.20,20.197.71.89,49877,443,0,RA,844130103,657139329,0,,",192.168.169.1,syslog,syslog,<134>Oct 25 11:29:05 filterlog[20727]: 4,,,1000000103,em2,match,block,in,4,0x0,,128,42901,0,DF,6,tcp,40,192.168.170.20,20.197.71.89,49877,443,0,RA,844130103,657139329,0,,
104,"Oct 25, 2022 @ 04:28:56.256","<134>Oct 25 11:28:56 filterlog[20727]: 4,,,1000000103,em2,match,block,in,4,0x0,,128,42900,0,DF,6,tcp,139,192.168.170.20,20.197.71.89,49877,443,99,PA,844130004:844130103,657139329,63024,,",192.168.169.1,syslog,syslog,<134>Oct 25 11:28:56 filterlog[20727]: 4,,,1000000103,em2,match,block,in,4,0x0,,128,42900,0,DF,6,tcp,139,192.168.170.20,20.197.71.89,49877,443,99,PA,844130004:844130103,657139329,63024,,
105,"Oct 25, 2022 @ 04:28:51.095","<134>Oct 25 11:28:51 filterlog[20727]: 4,,,1000000103,em2,match,block,in,4,0x0,,128,42899,0,DF,6,tcp,139,192.168.170.20,20.197.71.89,49877,443,99,PA,844130004:844130103,657139329,63024,,",192.168.169.1,syslog,syslog,<134>Oct 25 11:28:51 filterlog[20727]: 4,,,1000000103,em2,match,block,in,4,0x0,,128,42899,0,DF,6,tcp,139,192.168.170.20,20.197.71.89,49877,443,99,PA,844130004:844130103,657139329,63024,,
106,"Oct 25, 2022 @ 04:28:49.039","<134>Oct 25 11:28:49 filterlog[20727]: 4,,,1000000103,em2,match,block,in,4,0x0,,128,42898,0,DF,6,tcp,139,192.168.170.20,20.197.71.89,49877,443,99,PA,844130004:844130103,657139329,63024,,",192.168.169.1,syslog,syslog,<134>Oct 25 11:28:49 filterlog[20727]: 4,,,1000000103,em2,match,block,in,4,0x0,,128,42898,0,DF,6,tcp,139,192.168.170.20,20.197.71.89,49877,443,99,PA,844130004:844130103,657139329,63024,,
107,"Oct 25, 2022 @ 04:28:48.039","<134>Oct 25 11:28:48 filterlog[20727]: 4,,,1000000103,em2,match,block,in,4,0x0,,128,42897,0,none,6,tcp,139,192.168.170.20,20.197.71.89,49877,443,99,PA,844130004:844130103,657139329,63024,,",192.168.169.1,syslog,syslog,<134>Oct 25 11:28:48 filterlog[20727]: 4,,,1000000103,em2,match,block,in,4,0x0,,128,42897,0,none,6,tcp,139,192.168.170.20,20.197.71.89,49877,443,99,PA,844130004:844130103,657139329,63024,,
108,"Oct 25, 2022 @ 04:28:47.039","<134>Oct 25 11:28:47 filterlog[20727]: 4,,,1000000103,em2,match,block,in,4,0x0,,128,42896,0,none,6,tcp,139,192.168.170.20,20.197.71.89,49877,443,99,PA,844130004:844130103,657139329,63024,,",192.168.169.1,syslog,syslog,<134>Oct 25 11:28:47 filterlog[20727]: 4,,,1000000103,em2,match,block,in,4,0x0,,128,42896,0,none,6,tcp,139,192.168.170.20,20.197.71.89,49877,443,99,PA,844130004:844130103,657139329,63024,,
109,"Oct 25, 2022 @ 04:28:45.039","<134>Oct 25 11:28:45 filterlog[20727]: 4,,,1000000103,em2,match,block,in,4,0x0,,128,42895,0,DF,6,tcp,139,192.168.170.20,20.197.71.89,49877,443,99,PA,844130004:844130103,657139329,63024,,",192.168.169.1,syslog,syslog,<134>Oct 25 11:28:45 filterlog[20727]: 4,,,1000000103,em2,match,block,in,4,0x0,,128,42895,0,DF,6,tcp,139,192.168.170.20,20.197.71.89,49877,443,99,PA,844130004:844130103,657139329,63024,,
110,"Oct 25, 2022 @ 04:28:45.039","<134>Oct 25 11:28:45 filterlog[20727]: 4,,,1000000103,em2,match,block,in,4,0x0,,128,42894,0,DF,6,tcp,139,192.168.170.20,20.197.71.89,49877,443,99,PA,844130004:844130103,657139329,63024,,",192.168.169.1,syslog,syslog,<134>Oct 25 11:28:45 filterlog[20727]: 4,,,1000000103,em2,match,block,in,4,0x0,,128,42894,0,DF,6,tcp,139,192.168.170.20,20.197.71.89,49877,443,99,PA,844130004:844130103,657139329,63024,,
111,"Oct 25, 2022 @ 04:28:44.040","<134>Oct 25 11:28:44 filterlog[20727]: 4,,,1000000103,em2,match,block,in,4,0x0,,128,42893,0,DF,6,tcp,139,192.168.170.20,20.197.71.89,49877,443,99,PA,844130004:844130103,657139329,63024,,",192.168.169.1,syslog,syslog,<134>Oct 25 11:28:44 filterlog[20727]: 4,,,1000000103,em2,match,block,in,4,0x0,,128,42893,0,DF,6,tcp,139,192.168.170.20,20.197.71.89,49877,443,99,PA,844130004:844130103,657139329,63024,,
117,"Oct 25, 2022 @ 04:24:00.340","<134>Oct 25 11:24:00 filterlog[20727]: 3,,,1000000102,em1,match,block,in,4,0x0,,64,38785,0,DF,6,tcp,60,192.168.169.12,169.254.169.254,33224,80,0,S,1047526914,,64240,,mss;sackOK;TS;nop;wscale",192.168.169.1,syslog,syslog,<134>Oct 25 11:24:00 filterlog[20727]: 3,,,1000000102,em1,match,block,in,4,0x0,,64,38785,0,DF,6,tcp,60,192.168.169.12,169.254.169.254,33224,80,0,S,1047526914,,64240,,mss;sackOK;TS;nop;wscale
118,"Oct 25, 2022 @ 04:24:00.340","<134>Oct 25 11:24:00 filterlog[20727]: 3,,,1000000102,em1,match,block,in,4,0x0,,64,36941,0,DF,6,tcp,60,192.168.169.12,169.254.169.254,33204,80,0,S,1265202183,,64240,,mss;sackOK;TS;nop;wscale",192.168.169.1,syslog,syslog,<134>Oct 25 11:24:00 filterlog[20727]: 3,,,1000000102,em1,match,block,in,4,0x0,,64,36941,0,DF,6,tcp,60,192.168.169.12,169.254.169.254,33204,80,0,S,1265202183,,64240,,mss;sackOK;TS;nop;wscale
119,"Oct 25, 2022 @ 04:24:00.340","<134>Oct 25 11:24:00 filterlog[20727]: 3,,,1000000102,em1,match,block,in,4,0x0,,64,6448,0,DF,6,tcp,60,192.168.169.12,169.254.169.254,33218,80,0,S,850648875,,64240,,mss;sackOK;TS;nop;wscale",192.168.169.1,syslog,syslog,<134>Oct 25 11:24:00 filterlog[20727]: 3,,,1000000102,em1,match,block,in,4,0x0,,64,6448,0,DF,6,tcp,60,192.168.169.12,169.254.169.254,33218,80,0,S,850648875,,64240,,mss;sackOK;TS;nop;wscale
126,"Oct 25, 2022 @ 04:23:25.862","<134>Oct 25 11:23:25 filterlog[20727]: 3,,,1000000102,em1,match,block,in,4,0x0,,64,36940,0,DF,6,tcp,60,192.168.169.12,169.254.169.254,33204,80,0,S,1265202183,,64240,,mss;sackOK;TS;nop;wscale",192.168.169.1,syslog,syslog,<134>Oct 25 11:23:25 filterlog[20727]: 3,,,1000000102,em1,match,block,in,4,0x0,,64,36940,0,DF,6,tcp,60,192.168.169.12,169.254.169.254,33204,80,0,S,1265202183,,64240,,mss;sackOK;TS;nop;wscale
127,"Oct 25, 2022 @ 04:23:25.861","<134>Oct 25 11:23:25 filterlog[20727]: 3,,,1000000102,em1,match,block,in,4,0x0,,64,38784,0,DF,6,tcp,60,192.168.169.12,169.254.169.254,33224,80,0,S,1047526914,,64240,,mss;sackOK;TS;nop;wscale",192.168.169.1,syslog,syslog,<134>Oct 25 11:23:25 filterlog[20727]: 3,,,1000000102,em1,match,block,in,4,0x0,,64,38784,0,DF,6,tcp,60,192.168.169.12,169.254.169.254,33224,80,0,S,1047526914,,64240,,mss;sackOK;TS;nop;wscale
128,"Oct 25, 2022 @ 04:23:25.861","<134>Oct 25 11:23:25 filterlog[20727]: 3,,,1000000102,em1,match,block,in,4,0x0,,64,6447,0,DF,6,tcp,60,192.168.169.12,169.254.169.254,33218,80,0,S,850648875,,64240,,mss;sackOK;TS;nop;wscale",192.168.169.1,syslog,syslog,<134>Oct 25 11:23:25 filterlog[20727]: 3,,,1000000102,em1,match,block,in,4,0x0,,64,6447,0,DF,6,tcp,60,192.168.169.12,169.254.169.254,33218,80,0,S,850648875,,64240,,mss;sackOK;TS;nop;wscale
129,"Oct 25, 2022 @ 04:23:09.658","<134>Oct 25 11:23:09 filterlog[20727]: 3,,,1000000102,em1,match,block,in,4,0x0,,64,36939,0,DF,6,tcp,60,192.168.169.12,169.254.169.254,33204,80,0,S,1265202183,,64240,,mss;sackOK;TS;nop;wscale",192.168.169.1,syslog,syslog,<134>Oct 25 11:23:09 filterlog[20727]: 3,,,1000000102,em1,match,block,in,4,0x0,,64,36939,0,DF,6,tcp,60,192.168.169.12,169.254.169.254,33204,80,0,S,1265202183,,64240,,mss;sackOK;TS;nop;wscale
130,"Oct 25, 2022 @ 04:23:09.658","<134>Oct 25 11:23:09 filterlog[20727]: 3,,,1000000102,em1,match,block,in,4,0x0,,64,38783,0,DF,6,tcp,60,192.168.169.12,169.254.169.254,33224,80,0,S,1047526914,,64240,,mss;sackOK;TS;nop;wscale",192.168.169.1,syslog,syslog,<134>Oct 25 11:23:09 filterlog[20727]: 3,,,1000000102,em1,match,block,in,4,0x0,,64,38783,0,DF,6,tcp,60,192.168.169.12,169.254.169.254,33224,80,0,S,1047526914,,64240,,mss;sackOK;TS;nop;wscale
131,"Oct 25, 2022 @ 04:23:09.658","<134>Oct 25 11:23:09 filterlog[20727]: 3,,,1000000102,em1,match,block,in,4,0x0,,64,6446,0,DF,6,tcp,60,192.168.169.12,169.254.169.254,33218,80,0,S,850648875,,64240,,mss;sackOK;TS;nop;wscale",192.168.169.1,syslog,syslog,<134>Oct 25 11:23:09 filterlog[20727]: 3,,,1000000102,em1,match,block,in,4,0x0,,64,6446,0,DF,6,tcp,60,192.168.169.12,169.254.169.254,33218,80,0,S,850648875,,64240,,mss;sackOK;TS;nop;wscale
132,"Oct 25, 2022 @ 04:23:01.560","<134>Oct 25 11:23:01 filterlog[20727]: 3,,,1000000102,em1,match,block,in,4,0x0,,64,6445,0,DF,6,tcp,60,192.168.169.12,169.254.169.254,33218,80,0,S,850648875,,64240,,mss;sackOK;TS;nop;wscale",192.168.169.1,syslog,syslog,<134>Oct 25 11:23:01 filterlog[20727]: 3,,,1000000102,em1,match,block,in,4,0x0,,64,6445,0,DF,6,tcp,60,192.168.169.12,169.254.169.254,33218,80,0,S,850648875,,64240,,mss;sackOK;TS;nop;wscale
133,"Oct 25, 2022 @ 04:23:01.560","<134>Oct 25 11:23:01 filterlog[20727]: 3,,,1000000102,em1,match,block,in,4,0x0,,64,38782,0,DF,6,tcp,60,192.168.169.12,169.254.169.254,33224,80,0,S,1047526914,,64240,,mss;sackOK;TS;nop;wscale",192.168.169.1,syslog,syslog,<134>Oct 25 11:23:01 filterlog[20727]: 3,,,1000000102,em1,match,block,in,4,0x0,,64,38782,0,DF,6,tcp,60,192.168.169.12,169.254.169.254,33224,80,0,S,1047526914,,64240,,mss;sackOK;TS;nop;wscale
134,"Oct 25, 2022 @ 04:23:01.560","<134>Oct 25 11:23:01 filterlog[20727]: 3,,,1000000102,em1,match,block,in,4,0x0,,64,36938,0,DF,6,tcp,60,192.168.169.12,169.254.169.254,33204,80,0,S,1265202183,,64240,,mss;sackOK;TS;nop;wscale",192.168.169.1,syslog,syslog,<134>Oct 25 11:23:01 filterlog[20727]: 3,,,1000000102,em1,match,block,in,4,0x0,,64,36938,0,DF,6,tcp,60,192.168.169.12,169.254.169.254,33204,80,0,S,1265202183,,64240,,mss;sackOK;TS;nop;wscale
136,"Oct 25, 2022 @ 04:22:57.540","<134>Oct 25 11:22:57 filterlog[20727]: 3,,,1000000102,em1,match,block,in,4,0x0,,64,38781,0,DF,6,tcp,60,192.168.169.12,169.254.169.254,33224,80,0,S,1047526914,,64240,,mss;sackOK;TS;nop;wscale",192.168.169.1,syslog,syslog,<134>Oct 25 11:22:57 filterlog[20727]: 3,,,1000000102,em1,match,block,in,4,0x0,,64,38781,0,DF,6,tcp,60,192.168.169.12,169.254.169.254,33224,80,0,S,1047526914,,64240,,mss;sackOK;TS;nop;wscale
137,"Oct 25, 2022 @ 04:22:57.540","<134>Oct 25 11:22:57 filterlog[20727]: 3,,,1000000102,em1,match,block,in,4,0x0,,64,6444,0,DF,6,tcp,60,192.168.169.12,169.254.169.254,33218,80,0,S,850648875,,64240,,mss;sackOK;TS;nop;wscale",192.168.169.1,syslog,syslog,<134>Oct 25 11:22:57 filterlog[20727]: 3,,,1000000102,em1,match,block,in,4,0x0,,64,6444,0,DF,6,tcp,60,192.168.169.12,169.254.169.254,33218,80,0,S,850648875,,64240,,mss;sackOK;TS;nop;wscale
138,"Oct 25, 2022 @ 04:22:57.540","<134>Oct 25 11:22:57 filterlog[20727]: 3,,,1000000102,em1,match,block,in,4,0x0,,64,36937,0,DF,6,tcp,60,192.168.169.12,169.254.169.254,33204,80,0,S,1265202183,,64240,,mss;sackOK;TS;nop;wscale",192.168.169.1,syslog,syslog,<134>Oct 25 11:22:57 filterlog[20727]: 3,,,1000000102,em1,match,block,in,4,0x0,,64,36937,0,DF,6,tcp,60,192.168.169.12,169.254.169.254,33204,80,0,S,1265202183,,64240,,mss;sackOK;TS;nop;wscale
139,"Oct 25, 2022 @ 04:22:55.540","<134>Oct 25 11:22:55 filterlog[20727]: 3,,,1000000102,em1,match,block,in,4,0x0,,64,6443,0,DF,6,tcp,60,192.168.169.12,169.254.169.254,33218,80,0,S,850648875,,64240,,mss;sackOK;TS;nop;wscale",192.168.169.1,syslog,syslog,<134>Oct 25 11:22:55 filterlog[20727]: 3,,,1000000102,em1,match,block,in,4,0x0,,64,6443,0,DF,6,tcp,60,192.168.169.12,169.254.169.254,33218,80,0,S,850648875,,64240,,mss;sackOK;TS;nop;wscale
140,"Oct 25, 2022 @ 04:22:55.540","<134>Oct 25 11:22:55 filterlog[20727]: 3,,,1000000102,em1,match,block,in,4,0x0,,64,38780,0,DF,6,tcp,60,192.168.169.12,169.254.169.254,33224,80,0,S,1047526914,,64240,,mss;sackOK;TS;nop;wscale",192.168.169.1,syslog,syslog,<134>Oct 25 11:22:55 filterlog[20727]: 3,,,1000000102,em1,match,block,in,4,0x0,,64,38780,0,DF,6,tcp,60,192.168.169.12,169.254.169.254,33224,80,0,S,1047526914,,64240,,mss;sackOK;TS;nop;wscale
141,"Oct 25, 2022 @ 04:22:55.540","<134>Oct 25 11:22:55 filterlog[20727]: 3,,,1000000102,em1,match,block,in,4,0x0,,64,36936,0,DF,6,tcp,60,192.168.169.12,169.254.169.254,33204,80,0,S,1265202183,,64240,,mss;sackOK;TS;nop;wscale",192.168.169.1,syslog,syslog,<134>Oct 25 11:22:55 filterlog[20727]: 3,,,1000000102,em1,match,block,in,4,0x0,,64,36936,0,DF,6,tcp,60,192.168.169.12,169.254.169.254,33204,80,0,S,1265202183,,64240,,mss;sackOK;TS;nop;wscale
142,"Oct 25, 2022 @ 04:22:54.517","<134>Oct 25 11:22:54 filterlog[20727]: 3,,,1000000102,em1,match,block,in,4,0x0,,64,38779,0,DF,6,tcp,60,192.168.169.12,169.254.169.254,33224,80,0,S,1047526914,,64240,,mss;sackOK;TS;nop;wscale",192.168.169.1,syslog,syslog,<134>Oct 25 11:22:54 filterlog[20727]: 3,,,1000000102,em1,match,block,in,4,0x0,,64,38779,0,DF,6,tcp,60,192.168.169.12,169.254.169.254,33224,80,0,S,1047526914,,64240,,mss;sackOK;TS;nop;wscale
143,"Oct 25, 2022 @ 04:22:54.517","<134>Oct 25 11:22:54 filterlog[20727]: 3,,,1000000102,em1,match,block,in,4,0x0,,64,6442,0,DF,6,tcp,60,192.168.169.12,169.254.169.254,33218,80,0,S,850648875,,64240,,mss;sackOK;TS;nop;wscale",192.168.169.1,syslog,syslog,<134>Oct 25 11:22:54 filterlog[20727]: 3,,,1000000102,em1,match,block,in,4,0x0,,64,6442,0,DF,6,tcp,60,192.168.169.12,169.254.169.254,33218,80,0,S,850648875,,64240,,mss;sackOK;TS;nop;wscale
144,"Oct 25, 2022 @ 04:22:54.517","<134>Oct 25 11:22:54 filterlog[20727]: 3,,,1000000102,em1,match,block,in,4,0x0,,64,36935,0,DF,6,tcp,60,192.168.169.12,169.254.169.254,33204,80,0,S,1265202183,,64240,,mss;sackOK;TS;nop;wscale",192.168.169.1,syslog,syslog,<134>Oct 25 11:22:54 filterlog[20727]: 3,,,1000000102,em1,match,block,in,4,0x0,,64,36935,0,DF,6,tcp,60,192.168.169.12,169.254.169.254,33204,80,0,S,1265202183,,64240,,mss;sackOK;TS;nop;wscale
145,"Oct 25, 2022 @ 04:22:39.440","<134>Oct 25 11:22:39 filterlog[20727]: 4,,,1000000103,em2,match,block,in,4,0x0,,128,1206,0,DF,6,tcp,40,192.168.170.20,91.228.165.159,50067,8883,0,RA,1211746826,226104058,0,,",192.168.169.1,syslog,syslog,<134>Oct 25 11:22:39 filterlog[20727]: 4,,,1000000103,em2,match,block,in,4,0x0,,128,1206,0,DF,6,tcp,40,192.168.170.20,91.228.165.159,50067,8883,0,RA,1211746826,226104058,0,,
147,"Oct 25, 2022 @ 04:22:25.160","<134>Oct 25 11:22:25 filterlog[20727]: 4,,,1000000103,em2,match,block,in,4,0x0,,128,1195,0,DF,6,tcp,102,192.168.170.20,91.228.165.159,50067,8883,62,FPA,1211746763:1211746825,226104058,64147,,",192.168.169.1,syslog,syslog,<134>Oct 25 11:22:25 filterlog[20727]: 4,,,1000000103,em2,match,block,in,4,0x0,,128,1195,0,DF,6,tcp,102,192.168.170.20,91.228.165.159,50067,8883,62,FPA,1211746763:1211746825,226104058,64147,,
148,"Oct 25, 2022 @ 04:22:20.140","<134>Oct 25 11:22:20 filterlog[20727]: 4,,,1000000103,em2,match,block,in,4,0x0,,128,1194,0,DF,6,tcp,71,192.168.170.20,91.228.165.159,50067,8883,31,FPA,1211746794:1211746825,226104058,64147,,",192.168.169.1,syslog,syslog,<134>Oct 25 11:22:20 filterlog[20727]: 4,,,1000000103,em2,match,block,in,4,0x0,,128,1194,0,DF,6,tcp,71,192.168.170.20,91.228.165.159,50067,8883,31,FPA,1211746794:1211746825,226104058,64147,,
149,"Oct 25, 2022 @ 04:22:18.140","<134>Oct 25 11:22:18 filterlog[20727]: 4,,,1000000103,em2,match,block,in,4,0x0,,128,1193,0,DF,6,tcp,71,192.168.170.20,91.228.165.159,50067,8883,31,PA,1211746763:1211746794,226104058,64147,,",192.168.169.1,syslog,syslog,<134>Oct 25 11:22:18 filterlog[20727]: 4,,,1000000103,em2,match,block,in,4,0x0,,128,1193,0,DF,6,tcp,71,192.168.170.20,91.228.165.159,50067,8883,31,PA,1211746763:1211746794,226104058,64147,,
150,"Oct 25, 2022 @ 04:22:14.140","<134>Oct 25 11:22:14 filterlog[20727]: 4,,,1000000103,em2,match,block,in,4,0x0,,128,1192,0,DF,6,tcp,71,192.168.170.20,91.228.165.159,50067,8883,31,PA,1211746763:1211746794,226104058,64147,,",192.168.169.1,syslog,syslog,<134>Oct 25 11:22:14 filterlog[20727]: 4,,,1000000103,em2,match,block,in,4,0x0,,128,1192,0,DF,6,tcp,71,192.168.170.20,91.228.165.159,50067,8883,31,PA,1211746763:1211746794,226104058,64147,,
151,"Oct 25, 2022 @ 04:22:12.141","<134>Oct 25 11:22:12 filterlog[20727]: 4,,,1000000103,em2,match,block,in,4,0x0,,128,1191,0,none,6,tcp,71,192.168.170.20,91.228.165.159,50067,8883,31,PA,1211746763:1211746794,226104058,64147,,",192.168.169.1,syslog,syslog,<134>Oct 25 11:22:12 filterlog[20727]: 4,,,1000000103,em2,match,block,in,4,0x0,,128,1191,0,none,6,tcp,71,192.168.170.20,91.228.165.159,50067,8883,31,PA,1211746763:1211746794,226104058,64147,,
152,"Oct 25, 2022 @ 04:22:11.126","<134>Oct 25 11:22:11 filterlog[20727]: 4,,,1000000103,em2,match,block,in,4,0x0,,128,1190,0,none,6,tcp,71,192.168.170.20,91.228.165.159,50067,8883,31,PA,1211746763:1211746794,226104058,64147,,",192.168.169.1,syslog,syslog,<134>Oct 25 11:22:11 filterlog[20727]: 4,,,1000000103,em2,match,block,in,4,0x0,,128,1190,0,none,6,tcp,71,192.168.170.20,91.228.165.159,50067,8883,31,PA,1211746763:1211746794,226104058,64147,,
153,"Oct 25, 2022 @ 04:22:09.060","<134>Oct 25 11:22:09 filterlog[20727]: 4,,,1000000103,em2,match,block,in,4,0x0,,128,1189,0,DF,6,tcp,71,192.168.170.20,91.228.165.159,50067,8883,31,PA,1211746763:1211746794,226104058,64147,,",192.168.169.1,syslog,syslog,<134>Oct 25 11:22:09 filterlog[20727]: 4,,,1000000103,em2,match,block,in,4,0x0,,128,1189,0,DF,6,tcp,71,192.168.170.20,91.228.165.159,50067,8883,31,PA,1211746763:1211746794,226104058,64147,,
154,"Oct 25, 2022 @ 04:22:08.061","<134>Oct 25 11:22:08 filterlog[20727]: 4,,,1000000103,em2,match,block,in,4,0x0,,128,1188,0,DF,6,tcp,71,192.168.170.20,91.228.165.159,50067,8883,31,PA,1211746763:1211746794,226104058,64147,,",192.168.169.1,syslog,syslog,<134>Oct 25 11:22:08 filterlog[20727]: 4,,,1000000103,em2,match,block,in,4,0x0,,128,1188,0,DF,6,tcp,71,192.168.170.20,91.228.165.159,50067,8883,31,PA,1211746763:1211746794,226104058,64147,,
155,"Oct 25, 2022 @ 04:22:07.060","<134>Oct 25 11:22:07 filterlog[20727]: 4,,,1000000103,em2,match,block,in,4,0x0,,128,1187,0,DF,6,tcp,71,192.168.170.20,91.228.165.159,50067,8883,31,PA,1211746763:1211746794,226104058,64147,,",192.168.169.1,syslog,syslog,<134>Oct 25 11:22:07 filterlog[20727]: 4,,,1000000103,em2,match,block,in,4,0x0,,128,1187,0,DF,6,tcp,71,192.168.170.20,91.228.165.159,50067,8883,31,PA,1211746763:1211746794,226104058,64147,,
156,"Oct 25, 2022 @ 04:22:07.060","<134>Oct 25 11:22:07 filterlog[20727]: 4,,,1000000103,em2,match,block,in,4,0x0,,128,1186,0,DF,6,tcp,71,192.168.170.20,91.228.165.159,50067,8883,31,PA,1211746763:1211746794,226104058,64147,,",192.168.169.1,syslog,syslog,<134>Oct 25 11:22:07 filterlog[20727]: 4,,,1000000103,em2,match,block,in,4,0x0,,128,1186,0,DF,6,tcp,71,192.168.170.20,91.228.165.159,50067,8883,31,PA,1211746763:1211746794,226104058,64147,,
158,"Oct 25, 2022 @ 04:21:49.031","<134>Oct 25 11:21:49 filterlog[20727]: 3,,,1000000102,em1,match,block,in,4,0x0,,64,60780,0,DF,6,tcp,60,192.168.169.12,169.254.169.254,56066,80,0,S,2667354951,,64240,,mss;sackOK;TS;nop;wscale",192.168.169.1,syslog,syslog,<134>Oct 25 11:21:49 filterlog[20727]: 3,,,1000000102,em1,match,block,in,4,0x0,,64,60780,0,DF,6,tcp,60,192.168.169.12,169.254.169.254,56066,80,0,S,2667354951,,64240,,mss;sackOK;TS;nop;wscale
159,"Oct 25, 2022 @ 04:21:14.426","<134>Oct 25 11:21:14 filterlog[20727]: 3,,,1000000102,em1,match,block,in,4,0x0,,64,60779,0,DF,6,tcp,60,192.168.169.12,169.254.169.254,56066,80,0,S,2667354951,,64240,,mss;sackOK;TS;nop;wscale",192.168.169.1,syslog,syslog,<134>Oct 25 11:21:14 filterlog[20727]: 3,,,1000000102,em1,match,block,in,4,0x0,,64,60779,0,DF,6,tcp,60,192.168.169.12,169.254.169.254,56066,80,0,S,2667354951,,64240,,mss;sackOK;TS;nop;wscale
160,"Oct 25, 2022 @ 04:21:06.341","<134>Oct 25 11:21:06 filterlog[20727]: 4,,,1000000103,em2,match,block,in,4,0x0,,128,16519,0,DF,6,tcp,40,192.168.170.20,20.198.162.76,50072,443,0,RA,1498207020,1285633671,0,,",192.168.169.1,syslog,syslog,<134>Oct 25 11:21:06 filterlog[20727]: 4,,,1000000103,em2,match,block,in,4,0x0,,128,16519,0,DF,6,tcp,40,192.168.170.20,20.198.162.76,50072,443,0,RA,1498207020,1285633671,0,,
162,"Oct 25, 2022 @ 04:20:58.260","<134>Oct 25 11:20:58 filterlog[20727]: 3,,,1000000102,em1,match,block,in,4,0x0,,64,60778,0,DF,6,tcp,60,192.168.169.12,169.254.169.254,56066,80,0,S,2667354951,,64240,,mss;sackOK;TS;nop;wscale",192.168.169.1,syslog,syslog,<134>Oct 25 11:20:58 filterlog[20727]: 3,,,1000000102,em1,match,block,in,4,0x0,,64,60778,0,DF,6,tcp,60,192.168.169.12,169.254.169.254,56066,80,0,S,2667354951,,64240,,mss;sackOK;TS;nop;wscale
163,"Oct 25, 2022 @ 04:20:56.240","<134>Oct 25 11:20:56 filterlog[20727]: 4,,,1000000103,em2,match,block,in,4,0x0,,128,16518,0,DF,6,tcp,139,192.168.170.20,20.198.162.76,50072,443,99,PA,1498206921:1498207020,1285633671,65392,,",192.168.169.1,syslog,syslog,<134>Oct 25 11:20:56 filterlog[20727]: 4,,,1000000103,em2,match,block,in,4,0x0,,128,16518,0,DF,6,tcp,139,192.168.170.20,20.198.162.76,50072,443,99,PA,1498206921:1498207020,1285633671,65392,,
164,"Oct 25, 2022 @ 04:20:51.162","<134>Oct 25 11:20:51 filterlog[20727]: 4,,,1000000103,em2,match,block,in,4,0x0,,128,16517,0,DF,6,tcp,139,192.168.170.20,20.198.162.76,50072,443,99,PA,1498206921:1498207020,1285633671,65392,,",192.168.169.1,syslog,syslog,<134>Oct 25 11:20:51 filterlog[20727]: 4,,,1000000103,em2,match,block,in,4,0x0,,128,16517,0,DF,6,tcp,139,192.168.170.20,20.198.162.76,50072,443,99,PA,1498206921:1498207020,1285633671,65392,,
165,"Oct 25, 2022 @ 04:20:51.161","<134>Oct 25 11:20:51 filterlog[20727]: 4,,,1000000103,em2,match,block,in,4,0x0,,128,29246,0,DF,6,tcp,40,192.168.170.20,96.17.72.33,50090,443,0,RA,111292847,1639914276,0,,",192.168.169.1,syslog,syslog,<134>Oct 25 11:20:51 filterlog[20727]: 4,,,1000000103,em2,match,block,in,4,0x0,,128,29246,0,DF,6,tcp,40,192.168.170.20,96.17.72.33,50090,443,0,RA,111292847,1639914276,0,,
166,"Oct 25, 2022 @ 04:20:51.161","<134>Oct 25 11:20:51 filterlog[20727]: 4,,,1000000103,em2,match,block,in,4,0x0,,128,3791,0,DF,6,tcp,40,192.168.170.20,13.107.21.200,50092,443,0,RA,1417500490,22243701,0,,",192.168.169.1,syslog,syslog,<134>Oct 25 11:20:51 filterlog[20727]: 4,,,1000000103,em2,match,block,in,4,0x0,,128,3791,0,DF,6,tcp,40,192.168.170.20,13.107.21.200,50092,443,0,RA,1417500490,22243701,0,,
167,"Oct 25, 2022 @ 04:20:51.161","<134>Oct 25 11:20:51 filterlog[20727]: 4,,,1000000103,em2,match,block,in,4,0x0,,128,57197,0,DF,6,tcp,40,192.168.170.20,204.79.197.222,50091,443,0,RA,1947911196,229913796,0,,",192.168.169.1,syslog,syslog,<134>Oct 25 11:20:51 filterlog[20727]: 4,,,1000000103,em2,match,block,in,4,0x0,,128,57197,0,DF,6,tcp,40,192.168.170.20,204.79.197.222,50091,443,0,RA,1947911196,229913796,0,,
168,"Oct 25, 2022 @ 04:20:50.131","<134>Oct 25 11:20:50 filterlog[20727]: 3,,,1000000102,em1,match,block,in,4,0x0,,64,60777,0,DF,6,tcp,60,192.168.169.12,169.254.169.254,56066,80,0,S,2667354951,,64240,,mss;sackOK;TS;nop;wscale",192.168.169.1,syslog,syslog,<134>Oct 25 11:20:50 filterlog[20727]: 3,,,1000000102,em1,match,block,in,4,0x0,,64,60777,0,DF,6,tcp,60,192.168.169.12,169.254.169.254,56066,80,0,S,2667354951,,64240,,mss;sackOK;TS;nop;wscale
169,"Oct 25, 2022 @ 04:20:49.128","<134>Oct 25 11:20:49 filterlog[20727]: 4,,,1000000103,em2,match,block,in,4,0x0,,128,16516,0,DF,6,tcp,139,192.168.170.20,20.198.162.76,50072,443,99,PA,1498206921:1498207020,1285633671,65392,,",192.168.169.1,syslog,syslog,<134>Oct 25 11:20:49 filterlog[20727]: 4,,,1000000103,em2,match,block,in,4,0x0,,128,16516,0,DF,6,tcp,139,192.168.170.20,20.198.162.76,50072,443,99,PA,1498206921:1498207020,1285633671,65392,,
170,"Oct 25, 2022 @ 04:20:48.070","<134>Oct 25 11:20:48 filterlog[20727]: 4,,,1000000103,em2,match,block,in,4,0x0,,128,16515,0,none,6,tcp,139,192.168.170.20,20.198.162.76,50072,443,99,PA,1498206921:1498207020,1285633671,65392,,",192.168.169.1,syslog,syslog,<134>Oct 25 11:20:48 filterlog[20727]: 4,,,1000000103,em2,match,block,in,4,0x0,,128,16515,0,none,6,tcp,139,192.168.170.20,20.198.162.76,50072,443,99,PA,1498206921:1498207020,1285633671,65392,,
171,"Oct 25, 2022 @ 04:20:47.056","<134>Oct 25 11:20:47 filterlog[20727]: 4,,,1000000103,em2,match,block,in,4,0x0,,128,16514,0,none,6,tcp,139,192.168.170.20,20.198.162.76,50072,443,99,PA,1498206921:1498207020,1285633671,65392,,",192.168.169.1,syslog,syslog,<134>Oct 25 11:20:47 filterlog[20727]: 4,,,1000000103,em2,match,block,in,4,0x0,,128,16514,0,none,6,tcp,139,192.168.170.20,20.198.162.76,50072,443,99,PA,1498206921:1498207020,1285633671,65392,,
172,"Oct 25, 2022 @ 04:20:46.062","<134>Oct 25 11:20:46 filterlog[20727]: 3,,,1000000102,em1,match,block,in,4,0x0,,64,60776,0,DF,6,tcp,60,192.168.169.12,169.254.169.254,56066,80,0,S,2667354951,,64240,,mss;sackOK;TS;nop;wscale",192.168.169.1,syslog,syslog,<134>Oct 25 11:20:46 filterlog[20727]: 3,,,1000000102,em1,match,block,in,4,0x0,,64,60776,0,DF,6,tcp,60,192.168.169.12,169.254.169.254,56066,80,0,S,2667354951,,64240,,mss;sackOK;TS;nop;wscale
173,"Oct 25, 2022 @ 04:20:45.060","<134>Oct 25 11:20:45 filterlog[20727]: 4,,,1000000103,em2,match,block,in,4,0x0,,128,16512,0,DF,6,tcp,139,192.168.170.20,20.198.162.76,50072,443,99,PA,1498206921:1498207020,1285633671,63420,,",192.168.169.1,syslog,syslog,<134>Oct 25 11:20:45 filterlog[20727]: 4,,,1000000103,em2,match,block,in,4,0x0,,128,16512,0,DF,6,tcp,139,192.168.170.20,20.198.162.76,50072,443,99,PA,1498206921:1498207020,1285633671,63420,,
174,"Oct 25, 2022 @ 04:20:45.060","<134>Oct 25 11:20:45 filterlog[20727]: 4,,,1000000103,em2,match,block,in,4,0x0,,128,16513,0,DF,6,tcp,139,192.168.170.20,20.198.162.76,50072,443,99,PA,1498206921:1498207020,1285633671,63420,,",192.168.169.1,syslog,syslog,<134>Oct 25 11:20:45 filterlog[20727]: 4,,,1000000103,em2,match,block,in,4,0x0,,128,16513,0,DF,6,tcp,139,192.168.170.20,20.198.162.76,50072,443,99,PA,1498206921:1498207020,1285633671,63420,,
175,"Oct 25, 2022 @ 04:20:44.056","<134>Oct 25 11:20:44 filterlog[20727]: 3,,,1000000102,em1,match,block,in,4,0x0,,64,60775,0,DF,6,tcp,60,192.168.169.12,169.254.169.254,56066,80,0,S,2667354951,,64240,,mss;sackOK;TS;nop;wscale",192.168.169.1,syslog,syslog,<134>Oct 25 11:20:44 filterlog[20727]: 3,,,1000000102,em1,match,block,in,4,0x0,,64,60775,0,DF,6,tcp,60,192.168.169.12,169.254.169.254,56066,80,0,S,2667354951,,64240,,mss;sackOK;TS;nop;wscale
176,"Oct 25, 2022 @ 04:20:44.056","<134>Oct 25 11:20:44 filterlog[20727]: 4,,,1000000103,em2,match,block,in,4,0x0,,128,16511,0,DF,6,tcp,139,192.168.170.20,20.198.162.76,50072,443,99,PA,1498206921:1498207020,1285633671,63420,,",192.168.169.1,syslog,syslog,<134>Oct 25 11:20:44 filterlog[20727]: 4,,,1000000103,em2,match,block,in,4,0x0,,128,16511,0,DF,6,tcp,139,192.168.170.20,20.198.162.76,50072,443,99,PA,1498206921:1498207020,1285633671,63420,,
177,"Oct 25, 2022 @ 04:20:43.061","<134>Oct 25 11:20:43 filterlog[20727]: 3,,,1000000102,em1,match,block,in,4,0x0,,64,60774,0,DF,6,tcp,60,192.168.169.12,169.254.169.254,56066,80,0,S,2667354951,,64240,,mss;sackOK;TS;nop;wscale",192.168.169.1,syslog,syslog,<134>Oct 25 11:20:43 filterlog[20727]: 3,,,1000000102,em1,match,block,in,4,0x0,,64,60774,0,DF,6,tcp,60,192.168.169.12,169.254.169.254,56066,80,0,S,2667354951,,64240,,mss;sackOK;TS;nop;wscale
178,"Oct 25, 2022 @ 04:20:21.821","<134>Oct 25 11:20:21 filterlog[20727]: 4,,,1000000103,em2,match,block,in,4,0x0,,128,3810,0,DF,6,tcp,40,192.168.170.20,13.107.21.200,50092,443,0,FA,1417500490,22243701,65535,,",192.168.169.1,syslog,syslog,<134>Oct 25 11:20:21 filterlog[20727]: 4,,,1000000103,em2,match,block,in,4,0x0,,128,3810,0,DF,6,tcp,40,192.168.170.20,13.107.21.200,50092,443,0,FA,1417500490,22243701,65535,,
179,"Oct 25, 2022 @ 04:20:21.821","<134>Oct 25 11:20:21 filterlog[20727]: 4,,,1000000103,em2,match,block,in,4,0x0,,128,57201,0,DF,6,tcp,40,192.168.170.20,204.79.197.222,50091,443,0,FA,1947911196,229913796,65535,,",192.168.169.1,syslog,syslog,<134>Oct 25 11:20:21 filterlog[20727]: 4,,,1000000103,em2,match,block,in,4,0x0,,128,57201,0,DF,6,tcp,40,192.168.170.20,204.79.197.222,50091,443,0,FA,1947911196,229913796,65535,,
180,"Oct 25, 2022 @ 04:20:18.821","<134>Oct 25 11:20:18 filterlog[20727]: 4,,,1000000103,em2,match,block,in,4,0x0,,128,3809,0,DF,6,tcp,40,192.168.170.20,13.107.21.200,50092,443,0,FA,1417500490,22243701,65535,,",192.168.169.1,syslog,syslog,<134>Oct 25 11:20:18 filterlog[20727]: 4,,,1000000103,em2,match,block,in,4,0x0,,128,3809,0,DF,6,tcp,40,192.168.170.20,13.107.21.200,50092,443,0,FA,1417500490,22243701,65535,,
181,"Oct 25, 2022 @ 04:20:18.821","<134>Oct 25 11:20:18 filterlog[20727]: 4,,,1000000103,em2,match,block,in,4,0x0,,128,57200,0,DF,6,tcp,40,192.168.170.20,204.79.197.222,50091,443,0,FA,1947911196,229913796,65535,,",192.168.169.1,syslog,syslog,<134>Oct 25 11:20:18 filterlog[20727]: 4,,,1000000103,em2,match,block,in,4,0x0,,128,57200,0,DF,6,tcp,40,192.168.170.20,204.79.197.222,50091,443,0,FA,1947911196,229913796,65535,,
182,"Oct 25, 2022 @ 04:20:17.822","<134>Oct 25 11:20:17 filterlog[20727]: 4,,,1000000103,em2,match,block,in,4,0x0,,128,57199,0,DF,6,tcp,40,192.168.170.20,204.79.197.222,50091,443,0,FA,1947911196,229913796,65535,,",192.168.169.1,syslog,syslog,<134>Oct 25 11:20:17 filterlog[20727]: 4,,,1000000103,em2,match,block,in,4,0x0,,128,57199,0,DF,6,tcp,40,192.168.170.20,204.79.197.222,50091,443,0,FA,1947911196,229913796,65535,,
183,"Oct 25, 2022 @ 04:20:17.822","<134>Oct 25 11:20:17 filterlog[20727]: 4,,,1000000103,em2,match,block,in,4,0x0,,128,3808,0,DF,6,tcp,40,192.168.170.20,13.107.21.200,50092,443,0,FA,1417500490,22243701,65535,,",192.168.169.1,syslog,syslog,<134>Oct 25 11:20:17 filterlog[20727]: 4,,,1000000103,em2,match,block,in,4,0x0,,128,3808,0,DF,6,tcp,40,192.168.170.20,13.107.21.200,50092,443,0,FA,1417500490,22243701,65535,,
184,"Oct 25, 2022 @ 04:20:16.822","<134>Oct 25 11:20:16 filterlog[20727]: 4,,,1000000103,em2,match,block,in,4,0x0,,128,57198,0,DF,6,tcp,40,192.168.170.20,204.79.197.222,50091,443,0,FA,1947911196,229913796,65535,,",192.168.169.1,syslog,syslog,<134>Oct 25 11:20:16 filterlog[20727]: 4,,,1000000103,em2,match,block,in,4,0x0,,128,57198,0,DF,6,tcp,40,192.168.170.20,204.79.197.222,50091,443,0,FA,1947911196,229913796,65535,,
185,"Oct 25, 2022 @ 04:20:16.822","<134>Oct 25 11:20:16 filterlog[20727]: 4,,,1000000103,em2,match,block,in,4,0x0,,128,3807,0,DF,6,tcp,40,192.168.170.20,13.107.21.200,50092,443,0,FA,1417500490,22243701,65535,,",192.168.169.1,syslog,syslog,<134>Oct 25 11:20:16 filterlog[20727]: 4,,,1000000103,em2,match,block,in,4,0x0,,128,3807,0,DF,6,tcp,40,192.168.170.20,13.107.21.200,50092,443,0,FA,1417500490,22243701,65535,,
186,"Oct 25, 2022 @ 04:20:16.821","<134>Oct 25 11:20:16 filterlog[20727]: 4,,,1000000103,em2,match,block,in,4,0x0,,128,57197,0,DF,6,tcp,40,192.168.170.20,204.79.197.222,50091,443,0,FA,1947911196,229913796,65535,,",192.168.169.1,syslog,syslog,<134>Oct 25 11:20:16 filterlog[20727]: 4,,,1000000103,em2,match,block,in,4,0x0,,128,57197,0,DF,6,tcp,40,192.168.170.20,204.79.197.222,50091,443,0,FA,1947911196,229913796,65535,,
187,"Oct 25, 2022 @ 04:20:16.821","<134>Oct 25 11:20:16 filterlog[20727]: 4,,,1000000103,em2,match,block,in,4,0x0,,128,3806,0,DF,6,tcp,40,192.168.170.20,13.107.21.200,50092,443,0,FA,1417500490,22243701,65535,,",192.168.169.1,syslog,syslog,<134>Oct 25 11:20:16 filterlog[20727]: 4,,,1000000103,em2,match,block,in,4,0x0,,128,3806,0,DF,6,tcp,40,192.168.170.20,13.107.21.200,50092,443,0,FA,1417500490,22243701,65535,,
190,"Oct 25, 2022 @ 04:19:37.621","<134>Oct 25 11:19:37 filterlog[20727]: 3,,,1000000102,em1,match,block,in,4,0x0,,64,51619,0,DF,6,tcp,60,192.168.169.12,169.254.169.254,41614,80,0,S,243157661,,64240,,mss;sackOK;TS;nop;wscale",192.168.169.1,syslog,syslog,<134>Oct 25 11:19:37 filterlog[20727]: 3,,,1000000102,em1,match,block,in,4,0x0,,64,51619,0,DF,6,tcp,60,192.168.169.12,169.254.169.254,41614,80,0,S,243157661,,64240,,mss;sackOK;TS;nop;wscale
191,"Oct 25, 2022 @ 04:19:04.621","<134>Oct 25 11:19:04 filterlog[20727]: 3,,,1000000102,em1,match,block,in,4,0x0,,64,51618,0,DF,6,tcp,60,192.168.169.12,169.254.169.254,41614,80,0,S,243157661,,64240,,mss;sackOK;TS;nop;wscale",192.168.169.1,syslog,syslog,<134>Oct 25 11:19:04 filterlog[20727]: 3,,,1000000102,em1,match,block,in,4,0x0,,64,51618,0,DF,6,tcp,60,192.168.169.12,169.254.169.254,41614,80,0,S,243157661,,64240,,mss;sackOK;TS;nop;wscale
193,"Oct 25, 2022 @ 04:18:48.513","<134>Oct 25 11:18:48 filterlog[20727]: 3,,,1000000102,em1,match,block,in,4,0x0,,64,51617,0,DF,6,tcp,60,192.168.169.12,169.254.169.254,41614,80,0,S,243157661,,64240,,mss;sackOK;TS;nop;wscale",192.168.169.1,syslog,syslog,<134>Oct 25 11:18:48 filterlog[20727]: 3,,,1000000102,em1,match,block,in,4,0x0,,64,51617,0,DF,6,tcp,60,192.168.169.12,169.254.169.254,41614,80,0,S,243157661,,64240,,mss;sackOK;TS;nop;wscale
194,"Oct 25, 2022 @ 04:18:40.412","<134>Oct 25 11:18:40 filterlog[20727]: 3,,,1000000102,em1,match,block,in,4,0x0,,64,51616,0,DF,6,tcp,60,192.168.169.12,169.254.169.254,41614,80,0,S,243157661,,64240,,mss;sackOK;TS;nop;wscale",192.168.169.1,syslog,syslog,<134>Oct 25 11:18:40 filterlog[20727]: 3,,,1000000102,em1,match,block,in,4,0x0,,64,51616,0,DF,6,tcp,60,192.168.169.12,169.254.169.254,41614,80,0,S,243157661,,64240,,mss;sackOK;TS;nop;wscale
195,"Oct 25, 2022 @ 04:18:36.396","<134>Oct 25 11:18:36 filterlog[20727]: 3,,,1000000102,em1,match,block,in,4,0x0,,64,51615,0,DF,6,tcp,60,192.168.169.12,169.254.169.254,41614,80,0,S,243157661,,64240,,mss;sackOK;TS;nop;wscale",192.168.169.1,syslog,syslog,<134>Oct 25 11:18:36 filterlog[20727]: 3,,,1000000102,em1,match,block,in,4,0x0,,64,51615,0,DF,6,tcp,60,192.168.169.12,169.254.169.254,41614,80,0,S,243157661,,64240,,mss;sackOK;TS;nop;wscale
196,"Oct 25, 2022 @ 04:18:34.403","<134>Oct 25 11:18:34 filterlog[20727]: 3,,,1000000102,em1,match,block,in,4,0x0,,64,51614,0,DF,6,tcp,60,192.168.169.12,169.254.169.254,41614,80,0,S,243157661,,64240,,mss;sackOK;TS;nop;wscale",192.168.169.1,syslog,syslog,<134>Oct 25 11:18:34 filterlog[20727]: 3,,,1000000102,em1,match,block,in,4,0x0,,64,51614,0,DF,6,tcp,60,192.168.169.12,169.254.169.254,41614,80,0,S,243157661,,64240,,mss;sackOK;TS;nop;wscale
197,"Oct 25, 2022 @ 04:18:33.420","<134>Oct 25 11:18:33 filterlog[20727]: 3,,,1000000102,em1,match,block,in,4,0x0,,64,51613,0,DF,6,tcp,60,192.168.169.12,169.254.169.254,41614,80,0,S,243157661,,64240,,mss;sackOK;TS;nop;wscale",192.168.169.1,syslog,syslog,<134>Oct 25 11:18:33 filterlog[20727]: 3,,,1000000102,em1,match,block,in,4,0x0,,64,51613,0,DF,6,tcp,60,192.168.169.12,169.254.169.254,41614,80,0,S,243157661,,64240,,mss;sackOK;TS;nop;wscale
