"@timestamp","source.ip","source.port","destination.ip","destination.port","bytes_out","bytes_in","network.transport","network.packets"
"Oct 24, 2022 @ 11:48:09.999","172.17.0.3",53056,"199.232.44.223",443,"4.8KB","1.7KB",tcp,19
"Oct 24, 2022 @ 11:48:09.999","172.17.0.3",36410,"151.101.192.223",443,"142.8KB","7.9KB",tcp,202
"Oct 24, 2022 @ 11:48:09.999","172.17.0.3",45048,"199.232.45.63",443,1MB,"18.8KB",tcp,"1,009"
"Oct 24, 2022 @ 11:48:09.999","172.17.0.3",53062,"199.232.44.223",443,"4.8KB","1.7KB",tcp,19
"Oct 24, 2022 @ 11:48:09.999","172.17.0.3",53064,"199.232.44.223",443,"4.8KB","1.7KB",tcp,19
"Oct 24, 2022 @ 11:48:09.999","172.17.0.3",53066,"199.232.44.223",443,"4.8KB","1.7KB",tcp,19
"Oct 24, 2022 @ 11:48:00.001","172.17.0.3",53056,"199.232.44.223",443,"4.8KB","1.7KB",tcp,19
"Oct 24, 2022 @ 11:48:00.001","172.17.0.3",36410,"151.101.192.223",443,"142.8KB","7.9KB",tcp,202
"Oct 24, 2022 @ 11:48:00.001","172.17.0.3",45048,"199.232.45.63",443,1MB,"18.8KB",tcp,"1,009"
"Oct 24, 2022 @ 11:48:00.001","172.17.0.3",53062,"199.232.44.223",443,"4.8KB","1.7KB",tcp,19
"Oct 24, 2022 @ 11:48:00.001","172.17.0.3",53064,"199.232.44.223",443,"4.8KB","1.7KB",tcp,19
"Oct 24, 2022 @ 11:48:00.001","172.17.0.3",53066,"199.232.44.223",443,"4.8KB","1.7KB",tcp,19
"Oct 24, 2022 @ 11:47:50.000","172.17.0.3",53056,"199.232.44.223",443,"4.8KB","1.7KB",tcp,19
"Oct 24, 2022 @ 11:47:50.000","172.17.0.3",36410,"151.101.192.223",443,"142.8KB","7.9KB",tcp,202
"Oct 24, 2022 @ 11:47:50.000","172.17.0.3",45048,"199.232.45.63",443,1MB,"18.8KB",tcp,"1,009"
"Oct 24, 2022 @ 11:47:50.000","172.17.0.3",53062,"199.232.44.223",443,"4.8KB","1.7KB",tcp,19
"Oct 24, 2022 @ 11:47:50.000","172.17.0.3",53064,"199.232.44.223",443,"4.8KB","1.7KB",tcp,19
"Oct 24, 2022 @ 11:47:50.000","172.17.0.3",53066,"199.232.44.223",443,"4.8KB","1.7KB",tcp,19
"Oct 24, 2022 @ 11:47:40.001","172.17.0.3",53056,"199.232.44.223",443,"4.8KB","1.7KB",tcp,19
"Oct 24, 2022 @ 11:47:40.001","172.17.0.3",36410,"151.101.192.223",443,"142.8KB","7.9KB",tcp,202
"Oct 24, 2022 @ 11:47:40.001","172.17.0.3",45048,"199.232.45.63",443,1MB,"18.8KB",tcp,"1,009"
"Oct 24, 2022 @ 11:47:40.001","172.17.0.3",53062,"199.232.44.223",443,"4.8KB","1.7KB",tcp,19
"Oct 24, 2022 @ 11:47:40.001","172.17.0.3",53064,"199.232.44.223",443,"4.8KB","1.7KB",tcp,19
"Oct 24, 2022 @ 11:47:40.001","172.17.0.3",53066,"199.232.44.223",443,"4.8KB","1.7KB",tcp,19
"Oct 24, 2022 @ 11:46:40.003","172.17.0.3",50480,"185.199.109.133",443,"5.8KB","1.3KB",tcp,23
"Oct 24, 2022 @ 11:46:40.003","172.17.0.3",50482,"185.199.109.133",443,"5.7KB","1.3KB",tcp,23
"Oct 24, 2022 @ 11:46:40.003","172.17.0.3",50484,"185.199.109.133",443,"6.2KB","1.3KB",tcp,25
"Oct 24, 2022 @ 11:46:40.003","172.17.0.3",50486,"185.199.109.133",443,"8.5KB","1.4KB",tcp,27
"Oct 24, 2022 @ 11:46:40.003","172.17.0.3",50488,"185.199.109.133",443,"8.7KB","1.4KB",tcp,27
"Oct 24, 2022 @ 11:46:40.003","172.17.0.3",50490,"185.199.109.133",443,"5.8KB","1.3KB",tcp,23
"Oct 24, 2022 @ 11:46:40.003","172.17.0.3",50492,"185.199.109.133",443,"6.5KB","1.3KB",tcp,25
"Oct 24, 2022 @ 11:46:40.003","172.17.0.3",50494,"185.199.109.133",443,"5.6KB","1.3KB",tcp,23
"Oct 24, 2022 @ 11:46:40.003","172.17.0.3",50496,"185.199.109.133",443,8KB,"1.4KB",tcp,27
"Oct 24, 2022 @ 11:46:40.003","172.17.0.3",50498,"185.199.109.133",443,"6.2KB","1.3KB",tcp,25
"Oct 24, 2022 @ 11:46:40.003","172.17.0.3",50500,"185.199.109.133",443,"5.3KB","1.3KB",tcp,23
"Oct 24, 2022 @ 11:46:40.003","172.17.0.3",50502,"185.199.109.133",443,8KB,"1.4KB",tcp,27
"Oct 24, 2022 @ 11:46:30.003","172.17.0.3",50480,"185.199.109.133",443,"5.8KB","1.3KB",tcp,23
"Oct 24, 2022 @ 11:46:30.003","172.17.0.3",50482,"185.199.109.133",443,"5.7KB","1.3KB",tcp,23
"Oct 24, 2022 @ 11:46:30.003","172.17.0.3",50484,"185.199.109.133",443,"6.2KB","1.3KB",tcp,25
"Oct 24, 2022 @ 11:46:30.003","172.17.0.3",50486,"185.199.109.133",443,"8.5KB","1.4KB",tcp,27
"Oct 24, 2022 @ 11:46:30.003","172.17.0.3",50488,"185.199.109.133",443,"8.7KB","1.4KB",tcp,27
"Oct 24, 2022 @ 11:46:30.003","172.17.0.3",50490,"185.199.109.133",443,"5.8KB","1.3KB",tcp,23
"Oct 24, 2022 @ 11:46:30.003","172.17.0.3",50492,"185.199.109.133",443,"6.5KB","1.3KB",tcp,25
"Oct 24, 2022 @ 11:46:30.003","172.17.0.3",50494,"185.199.109.133",443,"5.6KB","1.3KB",tcp,23
"Oct 24, 2022 @ 11:46:30.003","172.17.0.3",50496,"185.199.109.133",443,8KB,"1.4KB",tcp,27
"Oct 24, 2022 @ 11:46:30.003","172.17.0.3",50498,"185.199.109.133",443,"6.2KB","1.3KB",tcp,25
"Oct 24, 2022 @ 11:46:30.003","172.17.0.3",50500,"185.199.109.133",443,"5.3KB","1.3KB",tcp,23
"Oct 24, 2022 @ 11:46:30.003","172.17.0.3",50502,"185.199.109.133",443,8KB,"1.4KB",tcp,27
"Oct 24, 2022 @ 11:46:20.003","172.17.0.3",50480,"185.199.109.133",443,"5.8KB","1.3KB",tcp,23
"Oct 24, 2022 @ 11:46:20.003","172.17.0.3",50482,"185.199.109.133",443,"5.7KB","1.3KB",tcp,23
"Oct 24, 2022 @ 11:46:20.003","172.17.0.3",50484,"185.199.109.133",443,"6.2KB","1.3KB",tcp,25
"Oct 24, 2022 @ 11:46:20.003","172.17.0.3",50486,"185.199.109.133",443,"8.5KB","1.4KB",tcp,27
"Oct 24, 2022 @ 11:46:20.003","172.17.0.3",50488,"185.199.109.133",443,"8.7KB","1.4KB",tcp,27
"Oct 24, 2022 @ 11:46:20.003","172.17.0.3",50490,"185.199.109.133",443,"5.8KB","1.3KB",tcp,23
"Oct 24, 2022 @ 11:46:20.003","172.17.0.3",50492,"185.199.109.133",443,"6.5KB","1.3KB",tcp,25
"Oct 24, 2022 @ 11:46:20.003","172.17.0.3",50494,"185.199.109.133",443,"5.6KB","1.3KB",tcp,23
"Oct 24, 2022 @ 11:46:20.003","172.17.0.3",50496,"185.199.109.133",443,8KB,"1.4KB",tcp,27
"Oct 24, 2022 @ 11:46:20.003","172.17.0.3",50498,"185.199.109.133",443,"6.2KB","1.3KB",tcp,25
"Oct 24, 2022 @ 11:46:20.003","172.17.0.3",50500,"185.199.109.133",443,"5.3KB","1.3KB",tcp,23
"Oct 24, 2022 @ 11:46:20.003","172.17.0.3",50502,"185.199.109.133",443,8KB,"1.4KB",tcp,27
"Oct 24, 2022 @ 11:46:10.003","172.17.0.3",50474,"185.199.109.133",443,"6.7KB","1.3KB",tcp,25
"Oct 24, 2022 @ 11:46:10.003","172.17.0.3",50480,"185.199.109.133",443,"5.8KB","1.3KB",tcp,23
"Oct 24, 2022 @ 11:46:10.003","172.17.0.3",50482,"185.199.109.133",443,"5.7KB","1.3KB",tcp,23
"Oct 24, 2022 @ 11:46:10.003","172.17.0.3",50484,"185.199.109.133",443,"6.2KB","1.3KB",tcp,25
"Oct 24, 2022 @ 11:46:10.003","172.17.0.3",50486,"185.199.109.133",443,"8.5KB","1.4KB",tcp,27
"Oct 24, 2022 @ 11:46:10.003","172.17.0.3",50488,"185.199.109.133",443,"8.7KB","1.4KB",tcp,27
"Oct 24, 2022 @ 11:46:10.003","172.17.0.3",50490,"185.199.109.133",443,"5.8KB","1.3KB",tcp,23
"Oct 24, 2022 @ 11:46:10.003","172.17.0.3",50492,"185.199.109.133",443,"6.5KB","1.3KB",tcp,25
"Oct 24, 2022 @ 11:46:10.003","172.17.0.3",50494,"185.199.109.133",443,"5.6KB","1.3KB",tcp,23
"Oct 24, 2022 @ 11:46:10.003","172.17.0.3",50496,"185.199.109.133",443,8KB,"1.4KB",tcp,27
"Oct 24, 2022 @ 11:46:10.003","172.17.0.3",50498,"185.199.109.133",443,"6.2KB","1.3KB",tcp,25
"Oct 24, 2022 @ 11:46:10.003","172.17.0.3",50500,"185.199.109.133",443,"5.3KB","1.3KB",tcp,23
"Oct 24, 2022 @ 11:46:10.003","172.17.0.3",50502,"185.199.109.133",443,8KB,"1.4KB",tcp,27
"Oct 24, 2022 @ 11:46:00.002","172.17.0.3",50474,"185.199.109.133",443,"6.7KB","1.3KB",tcp,25
"Oct 24, 2022 @ 11:46:00.002","172.17.0.3",50480,"185.199.109.133",443,"5.8KB","1.3KB",tcp,23
"Oct 24, 2022 @ 11:46:00.002","172.17.0.3",50482,"185.199.109.133",443,"5.7KB","1.3KB",tcp,23
"Oct 24, 2022 @ 11:46:00.002","172.17.0.3",50484,"185.199.109.133",443,"6.2KB","1.3KB",tcp,25
"Oct 24, 2022 @ 11:46:00.002","172.17.0.3",50486,"185.199.109.133",443,"8.5KB","1.4KB",tcp,27
"Oct 24, 2022 @ 11:46:00.002","172.17.0.3",50488,"185.199.109.133",443,"8.7KB","1.4KB",tcp,27
"Oct 24, 2022 @ 11:46:00.002","172.17.0.3",50490,"185.199.109.133",443,"5.8KB","1.3KB",tcp,23
"Oct 24, 2022 @ 11:46:00.002","172.17.0.3",50492,"185.199.109.133",443,"6.5KB","1.3KB",tcp,25
"Oct 24, 2022 @ 11:46:00.002","172.17.0.3",50494,"185.199.109.133",443,"5.6KB","1.3KB",tcp,23
"Oct 24, 2022 @ 11:46:00.002","172.17.0.3",50496,"185.199.109.133",443,8KB,"1.4KB",tcp,27
"Oct 24, 2022 @ 11:46:00.002","172.17.0.3",50498,"185.199.109.133",443,"6.2KB","1.3KB",tcp,25
"Oct 24, 2022 @ 11:46:00.002","172.17.0.3",50500,"185.199.109.133",443,"5.3KB","1.3KB",tcp,23
"Oct 24, 2022 @ 11:46:00.002","172.17.0.3",50502,"185.199.109.133",443,8KB,"1.4KB",tcp,27
"Oct 24, 2022 @ 11:45:50.001","172.17.0.3",50474,"185.199.109.133",443,"6.7KB","1.3KB",tcp,25
"Oct 24, 2022 @ 11:45:50.001","172.17.0.3",50480,"185.199.109.133",443,"5.8KB","1.3KB",tcp,23
"Oct 24, 2022 @ 11:45:50.001","172.17.0.3",50482,"185.199.109.133",443,"5.7KB","1.3KB",tcp,23
"Oct 24, 2022 @ 11:45:50.001","172.17.0.3",50484,"185.199.109.133",443,"6.2KB","1.3KB",tcp,25
"Oct 24, 2022 @ 11:45:50.001","172.17.0.3",50486,"185.199.109.133",443,"8.5KB","1.4KB",tcp,27
"Oct 24, 2022 @ 11:45:50.001","172.17.0.3",50488,"185.199.109.133",443,"8.7KB","1.4KB",tcp,27
"Oct 24, 2022 @ 11:45:50.001","172.17.0.3",50490,"185.199.109.133",443,"5.8KB","1.3KB",tcp,23
"Oct 24, 2022 @ 11:45:50.001","172.17.0.3",50492,"185.199.109.133",443,"6.5KB","1.3KB",tcp,25
"Oct 24, 2022 @ 11:45:50.001","172.17.0.3",50494,"185.199.109.133",443,"5.6KB","1.3KB",tcp,23
"Oct 24, 2022 @ 11:45:50.001","172.17.0.3",50496,"185.199.109.133",443,8KB,"1.4KB",tcp,27
"Oct 24, 2022 @ 11:45:50.001","172.17.0.3",50498,"185.199.109.133",443,"6.2KB","1.3KB",tcp,25
"Oct 24, 2022 @ 11:45:50.001","172.17.0.3",50500,"185.199.109.133",443,"5.3KB","1.3KB",tcp,23
"Oct 24, 2022 @ 11:45:50.001","172.17.0.3",50502,"185.199.109.133",443,8KB,"1.4KB",tcp,27
"Oct 24, 2022 @ 11:45:40.003","172.17.0.3",50474,"185.199.109.133",443,"6.7KB","1.3KB",tcp,25
"Oct 24, 2022 @ 11:45:30.002","172.17.0.3",50474,"185.199.109.133",443,"6.7KB","1.3KB",tcp,25
"Oct 24, 2022 @ 11:30:51.799","172.18.0.3",48001,"172.18.0.2",80,56B,60B,tcp,2
"Oct 24, 2022 @ 11:30:51.799","172.18.0.3",48001,"172.18.0.2",443,56B,60B,tcp,2
"Oct 24, 2022 @ 11:29:00.077","172.18.0.3",48001,"172.18.0.2",80,56B,60B,tcp,2
"Oct 24, 2022 @ 11:29:00.077","172.18.0.3",48001,"172.18.0.2",443,56B,60B,tcp,2
"Oct 24, 2022 @ 11:27:30.001","172.18.0.3",48001,"172.18.0.2",80,56B,60B,tcp,2
"Oct 24, 2022 @ 11:27:30.001","172.18.0.3",48001,"172.18.0.2",443,56B,60B,tcp,2
"Oct 24, 2022 @ 11:15:50.027","172.17.0.3",56802,"169.254.169.254",80,56B,76B,tcp,2
"Oct 24, 2022 @ 11:15:50.027","172.17.0.3",56804,"169.254.169.254",80,56B,76B,tcp,2
"Oct 24, 2022 @ 11:15:50.027","172.17.0.3",56806,"169.254.169.254",80,56B,76B,tcp,2
"Oct 24, 2022 @ 11:15:50.027","172.17.0.3",56808,"169.254.169.254",80,56B,76B,tcp,2
"Oct 24, 2022 @ 11:15:50.027","172.17.0.3",56810,"169.254.169.254",80,56B,76B,tcp,2
"Oct 24, 2022 @ 11:15:50.027","172.17.0.3",56814,"169.254.169.254",80,56B,76B,tcp,2
"Oct 24, 2022 @ 11:15:50.027","172.17.0.3",56816,"169.254.169.254",80,56B,76B,tcp,2
"Oct 24, 2022 @ 11:15:50.027","172.17.0.3",47878,"169.254.169.254",443,56B,76B,tcp,2
"Oct 24, 2022 @ 11:15:40.027","172.17.0.3",56802,"169.254.169.254",80,56B,76B,tcp,2
"Oct 24, 2022 @ 11:15:40.027","172.17.0.3",56804,"169.254.169.254",80,56B,76B,tcp,2
"Oct 24, 2022 @ 11:15:40.027","172.17.0.3",56806,"169.254.169.254",80,56B,76B,tcp,2
"Oct 24, 2022 @ 11:15:40.027","172.17.0.3",56808,"169.254.169.254",80,56B,76B,tcp,2
"Oct 24, 2022 @ 11:15:40.027","172.17.0.3",56810,"169.254.169.254",80,56B,76B,tcp,2
"Oct 24, 2022 @ 11:15:40.027","172.17.0.3",56814,"169.254.169.254",80,56B,76B,tcp,2
"Oct 24, 2022 @ 11:15:40.027","172.17.0.3",56816,"169.254.169.254",80,56B,76B,tcp,2
"Oct 24, 2022 @ 11:15:40.027","172.17.0.3",47878,"169.254.169.254",443,56B,76B,tcp,2
"Oct 24, 2022 @ 11:15:30.025","172.17.0.3",56802,"169.254.169.254",80,56B,76B,tcp,2
"Oct 24, 2022 @ 11:15:30.025","172.17.0.3",56804,"169.254.169.254",80,56B,76B,tcp,2
"Oct 24, 2022 @ 11:15:30.025","172.17.0.3",56806,"169.254.169.254",80,56B,76B,tcp,2
"Oct 24, 2022 @ 11:15:30.025","172.17.0.3",56808,"169.254.169.254",80,56B,76B,tcp,2
"Oct 24, 2022 @ 11:15:30.025","172.17.0.3",56810,"169.254.169.254",80,56B,76B,tcp,2
"Oct 24, 2022 @ 11:15:30.025","172.17.0.3",56814,"169.254.169.254",80,56B,76B,tcp,2
"Oct 24, 2022 @ 11:15:30.025","172.17.0.3",56816,"169.254.169.254",80,56B,76B,tcp,2
"Oct 24, 2022 @ 11:15:30.025","172.17.0.3",47878,"169.254.169.254",443,56B,76B,tcp,2
"Oct 24, 2022 @ 11:15:20.003","172.17.0.3",56802,"169.254.169.254",80,56B,76B,tcp,2
"Oct 24, 2022 @ 11:15:20.003","172.17.0.3",56804,"169.254.169.254",80,56B,76B,tcp,2
"Oct 24, 2022 @ 11:15:20.003","172.17.0.3",56806,"169.254.169.254",80,56B,76B,tcp,2
"Oct 24, 2022 @ 11:15:20.003","172.17.0.3",56808,"169.254.169.254",80,56B,76B,tcp,2
"Oct 24, 2022 @ 11:15:20.003","172.17.0.3",56810,"169.254.169.254",80,56B,76B,tcp,2
"Oct 24, 2022 @ 11:15:20.003","172.17.0.3",56814,"169.254.169.254",80,56B,76B,tcp,2
"Oct 24, 2022 @ 11:15:20.003","172.17.0.3",56816,"169.254.169.254",80,56B,76B,tcp,2
"Oct 24, 2022 @ 11:15:20.003","172.17.0.3",47878,"169.254.169.254",443,56B,76B,tcp,2
"Oct 24, 2022 @ 11:15:10.003","172.17.0.3",56802,"169.254.169.254",80,56B,76B,tcp,2
"Oct 24, 2022 @ 11:15:10.003","172.17.0.3",56804,"169.254.169.254",80,56B,76B,tcp,2
"Oct 24, 2022 @ 11:15:10.003","172.17.0.3",56806,"169.254.169.254",80,56B,76B,tcp,2
"Oct 24, 2022 @ 11:15:10.003","172.17.0.3",56808,"169.254.169.254",80,56B,76B,tcp,2
"Oct 24, 2022 @ 11:15:10.003","172.17.0.3",56810,"169.254.169.254",80,56B,76B,tcp,2
"Oct 24, 2022 @ 11:15:10.003","172.17.0.3",56814,"169.254.169.254",80,56B,76B,tcp,2
"Oct 24, 2022 @ 11:15:10.003","172.17.0.3",56816,"169.254.169.254",80,56B,76B,tcp,2
"Oct 24, 2022 @ 11:15:10.003","172.17.0.3",47878,"169.254.169.254",443,56B,76B,tcp,2
"Oct 24, 2022 @ 11:13:50.249","172.17.0.3",56700,"169.254.169.254",80,56B,76B,tcp,2
"Oct 24, 2022 @ 11:13:50.249","172.17.0.3",56702,"169.254.169.254",80,56B,76B,tcp,2
"Oct 24, 2022 @ 11:13:50.249","172.17.0.3",56704,"169.254.169.254",80,56B,76B,tcp,2
"Oct 24, 2022 @ 11:13:50.249","172.17.0.3",56706,"169.254.169.254",80,56B,76B,tcp,2
"Oct 24, 2022 @ 11:13:50.249","172.17.0.3",56710,"169.254.169.254",80,56B,76B,tcp,2
"Oct 24, 2022 @ 11:13:50.249","172.17.0.3",56712,"169.254.169.254",80,56B,76B,tcp,2
"Oct 24, 2022 @ 11:13:50.249","172.17.0.3",56714,"169.254.169.254",80,56B,76B,tcp,2
"Oct 24, 2022 @ 11:13:50.249","172.17.0.3",56720,"169.254.169.254",80,56B,76B,tcp,2
"Oct 24, 2022 @ 11:13:50.249","172.17.0.3",56722,"169.254.169.254",80,56B,76B,tcp,2
"Oct 24, 2022 @ 11:13:50.249","172.17.0.3",56728,"169.254.169.254",80,56B,76B,tcp,2
"Oct 24, 2022 @ 11:13:50.249","172.17.0.3",56726,"169.254.169.254",80,56B,76B,tcp,2
"Oct 24, 2022 @ 11:13:50.249","172.17.0.3",56730,"169.254.169.254",80,56B,76B,tcp,2
"Oct 24, 2022 @ 11:13:50.249","172.17.0.3",56732,"169.254.169.254",80,56B,76B,tcp,2
"Oct 24, 2022 @ 11:13:50.249","172.17.0.3",56734,"169.254.169.254",80,56B,76B,tcp,2
"Oct 24, 2022 @ 11:13:50.249","172.17.0.3",56738,"169.254.169.254",80,56B,76B,tcp,2
"Oct 24, 2022 @ 11:13:50.249","172.17.0.3",56740,"169.254.169.254",80,56B,76B,tcp,2
"Oct 24, 2022 @ 11:13:50.249","172.17.0.3",56742,"169.254.169.254",80,56B,76B,tcp,2
"Oct 24, 2022 @ 11:13:50.249","172.17.0.3",56744,"169.254.169.254",80,56B,76B,tcp,2
"Oct 24, 2022 @ 11:13:50.249","172.17.0.3",56746,"169.254.169.254",80,56B,76B,tcp,2
"Oct 24, 2022 @ 11:13:50.249","172.17.0.3",56748,"169.254.169.254",80,56B,76B,tcp,2
"Oct 24, 2022 @ 11:13:50.249","172.17.0.3",56750,"169.254.169.254",80,56B,76B,tcp,2
"Oct 24, 2022 @ 11:13:50.249","172.17.0.3",47776,"169.254.169.254",443,56B,76B,tcp,2
"Oct 24, 2022 @ 11:13:50.249","172.17.0.3",47790,"169.254.169.254",443,56B,76B,tcp,2
"Oct 24, 2022 @ 11:13:50.249","172.17.0.3",47820,"169.254.169.254",443,56B,76B,tcp,2
"Oct 24, 2022 @ 11:13:40.248","172.17.0.3",56700,"169.254.169.254",80,56B,76B,tcp,2
"Oct 24, 2022 @ 11:13:40.248","172.17.0.3",56702,"169.254.169.254",80,56B,76B,tcp,2
"Oct 24, 2022 @ 11:13:40.248","172.17.0.3",56704,"169.254.169.254",80,56B,76B,tcp,2
"Oct 24, 2022 @ 11:13:40.248","172.17.0.3",56706,"169.254.169.254",80,56B,76B,tcp,2
"Oct 24, 2022 @ 11:13:40.248","172.17.0.3",56710,"169.254.169.254",80,56B,76B,tcp,2
"Oct 24, 2022 @ 11:13:40.248","172.17.0.3",56712,"169.254.169.254",80,56B,76B,tcp,2
"Oct 24, 2022 @ 11:13:40.248","172.17.0.3",56714,"169.254.169.254",80,56B,76B,tcp,2
"Oct 24, 2022 @ 11:13:40.248","172.17.0.3",56720,"169.254.169.254",80,56B,76B,tcp,2
"Oct 24, 2022 @ 11:13:40.248","172.17.0.3",56722,"169.254.169.254",80,56B,76B,tcp,2
"Oct 24, 2022 @ 11:13:40.248","172.17.0.3",56728,"169.254.169.254",80,56B,76B,tcp,2
"Oct 24, 2022 @ 11:13:40.248","172.17.0.3",56726,"169.254.169.254",80,56B,76B,tcp,2
"Oct 24, 2022 @ 11:13:40.248","172.17.0.3",56730,"169.254.169.254",80,56B,76B,tcp,2
"Oct 24, 2022 @ 11:13:40.248","172.17.0.3",56732,"169.254.169.254",80,56B,76B,tcp,2
"Oct 24, 2022 @ 11:13:40.248","172.17.0.3",56734,"169.254.169.254",80,56B,76B,tcp,2
"Oct 24, 2022 @ 11:13:40.248","172.17.0.3",56738,"169.254.169.254",80,56B,76B,tcp,2
"Oct 24, 2022 @ 11:13:40.248","172.17.0.3",56740,"169.254.169.254",80,56B,76B,tcp,2
"Oct 24, 2022 @ 11:13:40.248","172.17.0.3",56742,"169.254.169.254",80,56B,76B,tcp,2
"Oct 24, 2022 @ 11:13:40.248","172.17.0.3",56744,"169.254.169.254",80,56B,76B,tcp,2
"Oct 24, 2022 @ 11:13:40.248","172.17.0.3",56746,"169.254.169.254",80,56B,76B,tcp,2
"Oct 24, 2022 @ 11:13:40.248","172.17.0.3",56748,"169.254.169.254",80,56B,76B,tcp,2
"Oct 24, 2022 @ 11:13:40.248","172.17.0.3",56750,"169.254.169.254",80,56B,76B,tcp,2
"Oct 24, 2022 @ 11:13:40.248","172.17.0.3",47776,"169.254.169.254",443,56B,76B,tcp,2
"Oct 24, 2022 @ 11:13:40.248","172.17.0.3",47790,"169.254.169.254",443,56B,76B,tcp,2
"Oct 24, 2022 @ 11:13:40.248","172.17.0.3",47820,"169.254.169.254",443,56B,76B,tcp,2
"Oct 24, 2022 @ 11:13:30.248","172.17.0.3",56700,"169.254.169.254",80,56B,76B,tcp,2
"Oct 24, 2022 @ 11:13:30.248","172.17.0.3",56702,"169.254.169.254",80,56B,76B,tcp,2
"Oct 24, 2022 @ 11:13:30.248","172.17.0.3",56704,"169.254.169.254",80,56B,76B,tcp,2
"Oct 24, 2022 @ 11:13:30.248","172.17.0.3",56706,"169.254.169.254",80,56B,76B,tcp,2
"Oct 24, 2022 @ 11:13:30.248","172.17.0.3",56710,"169.254.169.254",80,56B,76B,tcp,2
"Oct 24, 2022 @ 11:13:30.248","172.17.0.3",56712,"169.254.169.254",80,56B,76B,tcp,2
"Oct 24, 2022 @ 11:13:30.248","172.17.0.3",56714,"169.254.169.254",80,56B,76B,tcp,2
"Oct 24, 2022 @ 11:13:30.248","172.17.0.3",56720,"169.254.169.254",80,56B,76B,tcp,2
"Oct 24, 2022 @ 11:13:30.248","172.17.0.3",56722,"169.254.169.254",80,56B,76B,tcp,2
"Oct 24, 2022 @ 11:13:30.248","172.17.0.3",56728,"169.254.169.254",80,56B,76B,tcp,2
"Oct 24, 2022 @ 11:13:30.248","172.17.0.3",56726,"169.254.169.254",80,56B,76B,tcp,2
"Oct 24, 2022 @ 11:13:30.248","172.17.0.3",56730,"169.254.169.254",80,56B,76B,tcp,2
"Oct 24, 2022 @ 11:13:30.248","172.17.0.3",56732,"169.254.169.254",80,56B,76B,tcp,2
"Oct 24, 2022 @ 11:13:30.248","172.17.0.3",56734,"169.254.169.254",80,56B,76B,tcp,2
"Oct 24, 2022 @ 11:13:30.248","172.17.0.3",56738,"169.254.169.254",80,56B,76B,tcp,2
"Oct 24, 2022 @ 11:13:30.248","172.17.0.3",56740,"169.254.169.254",80,56B,76B,tcp,2
"Oct 24, 2022 @ 11:13:30.248","172.17.0.3",56742,"169.254.169.254",80,56B,76B,tcp,2
"Oct 24, 2022 @ 11:13:30.248","172.17.0.3",56744,"169.254.169.254",80,56B,76B,tcp,2
"Oct 24, 2022 @ 11:13:30.248","172.17.0.3",56746,"169.254.169.254",80,56B,76B,tcp,2
"Oct 24, 2022 @ 11:13:30.248","172.17.0.3",56748,"169.254.169.254",80,56B,76B,tcp,2
"Oct 24, 2022 @ 11:13:30.248","172.17.0.3",56750,"169.254.169.254",80,56B,76B,tcp,2
"Oct 24, 2022 @ 11:13:30.248","172.17.0.3",47776,"169.254.169.254",443,56B,76B,tcp,2
"Oct 24, 2022 @ 11:13:30.248","172.17.0.3",47790,"169.254.169.254",443,56B,76B,tcp,2
"Oct 24, 2022 @ 11:13:30.248","172.17.0.3",47820,"169.254.169.254",443,56B,76B,tcp,2
"Oct 24, 2022 @ 11:13:20.003","172.17.0.3",56654,"169.254.169.254",80,56B,76B,tcp,2
"Oct 24, 2022 @ 11:13:20.003","172.17.0.3",56656,"169.254.169.254",80,56B,76B,tcp,2
"Oct 24, 2022 @ 11:13:20.003","172.17.0.3",56658,"169.254.169.254",80,56B,76B,tcp,2
"Oct 24, 2022 @ 11:13:20.003","172.17.0.3",56660,"169.254.169.254",80,56B,76B,tcp,2
"Oct 24, 2022 @ 11:13:20.003","172.17.0.3",56664,"169.254.169.254",80,56B,76B,tcp,2
"Oct 24, 2022 @ 11:13:20.003","172.17.0.3",56666,"169.254.169.254",80,56B,76B,tcp,2
"Oct 24, 2022 @ 11:13:20.003","172.17.0.3",56668,"169.254.169.254",80,56B,76B,tcp,2
"Oct 24, 2022 @ 11:13:20.003","172.17.0.3",56672,"169.254.169.254",80,56B,76B,tcp,2
"Oct 24, 2022 @ 11:13:20.003","172.17.0.3",56674,"169.254.169.254",80,56B,76B,tcp,2
"Oct 24, 2022 @ 11:13:20.003","172.17.0.3",56676,"169.254.169.254",80,56B,76B,tcp,2
"Oct 24, 2022 @ 11:13:20.003","172.17.0.3",56678,"169.254.169.254",80,56B,76B,tcp,2
"Oct 24, 2022 @ 11:13:20.003","172.17.0.3",56680,"169.254.169.254",80,56B,76B,tcp,2
"Oct 24, 2022 @ 11:13:20.003","172.17.0.3",56682,"169.254.169.254",80,56B,76B,tcp,2
"Oct 24, 2022 @ 11:13:20.003","172.17.0.3",56686,"169.254.169.254",80,56B,76B,tcp,2
"Oct 24, 2022 @ 11:13:20.003","172.17.0.3",56700,"169.254.169.254",80,56B,76B,tcp,2
"Oct 24, 2022 @ 11:13:20.003","172.17.0.3",56702,"169.254.169.254",80,56B,76B,tcp,2
"Oct 24, 2022 @ 11:13:20.003","172.17.0.3",56704,"169.254.169.254",80,56B,76B,tcp,2
"Oct 24, 2022 @ 11:13:20.003","172.17.0.3",56706,"169.254.169.254",80,56B,76B,tcp,2
"Oct 24, 2022 @ 11:13:20.003","172.17.0.3",56710,"169.254.169.254",80,56B,76B,tcp,2
"Oct 24, 2022 @ 11:13:20.003","172.17.0.3",56712,"169.254.169.254",80,56B,76B,tcp,2
"Oct 24, 2022 @ 11:13:20.003","172.17.0.3",56714,"169.254.169.254",80,56B,76B,tcp,2
"Oct 24, 2022 @ 11:13:20.003","172.17.0.3",56720,"169.254.169.254",80,56B,76B,tcp,2
"Oct 24, 2022 @ 11:13:20.003","172.17.0.3",56722,"169.254.169.254",80,56B,76B,tcp,2
"Oct 24, 2022 @ 11:13:20.003","172.17.0.3",56728,"169.254.169.254",80,56B,76B,tcp,2
"Oct 24, 2022 @ 11:13:20.003","172.17.0.3",56726,"169.254.169.254",80,56B,76B,tcp,2
"Oct 24, 2022 @ 11:13:20.003","172.17.0.3",56730,"169.254.169.254",80,56B,76B,tcp,2
"Oct 24, 2022 @ 11:13:20.003","172.17.0.3",56732,"169.254.169.254",80,56B,76B,tcp,2
"Oct 24, 2022 @ 11:13:20.003","172.17.0.3",56734,"169.254.169.254",80,56B,76B,tcp,2
"Oct 24, 2022 @ 11:13:20.003","172.17.0.3",56738,"169.254.169.254",80,56B,76B,tcp,2
"Oct 24, 2022 @ 11:13:20.003","172.17.0.3",56740,"169.254.169.254",80,56B,76B,tcp,2
"Oct 24, 2022 @ 11:13:20.003","172.17.0.3",56742,"169.254.169.254",80,56B,76B,tcp,2
"Oct 24, 2022 @ 11:13:20.003","172.17.0.3",56744,"169.254.169.254",80,56B,76B,tcp,2
"Oct 24, 2022 @ 11:13:20.003","172.17.0.3",56746,"169.254.169.254",80,56B,76B,tcp,2
"Oct 24, 2022 @ 11:13:20.003","172.17.0.3",56748,"169.254.169.254",80,56B,76B,tcp,2
"Oct 24, 2022 @ 11:13:20.003","172.17.0.3",56750,"169.254.169.254",80,56B,76B,tcp,2
"Oct 24, 2022 @ 11:13:20.003","172.17.0.3",47730,"169.254.169.254",443,56B,76B,tcp,2
"Oct 24, 2022 @ 11:13:20.003","172.17.0.3",47752,"169.254.169.254",443,56B,76B,tcp,2
"Oct 24, 2022 @ 11:13:20.003","172.17.0.3",47776,"169.254.169.254",443,56B,76B,tcp,2
"Oct 24, 2022 @ 11:13:20.003","172.17.0.3",47790,"169.254.169.254",443,56B,76B,tcp,2
"Oct 24, 2022 @ 11:13:20.003","172.17.0.3",47820,"169.254.169.254",443,56B,76B,tcp,2
"Oct 24, 2022 @ 11:13:10.002","172.17.0.3",56654,"169.254.169.254",80,56B,76B,tcp,2
"Oct 24, 2022 @ 11:13:10.002","172.17.0.3",56656,"169.254.169.254",80,56B,76B,tcp,2
"Oct 24, 2022 @ 11:13:10.002","172.17.0.3",56658,"169.254.169.254",80,56B,76B,tcp,2
"Oct 24, 2022 @ 11:13:10.002","172.17.0.3",56660,"169.254.169.254",80,56B,76B,tcp,2
"Oct 24, 2022 @ 11:13:10.002","172.17.0.3",56664,"169.254.169.254",80,56B,76B,tcp,2
"Oct 24, 2022 @ 11:13:10.002","172.17.0.3",56666,"169.254.169.254",80,56B,76B,tcp,2
"Oct 24, 2022 @ 11:13:10.002","172.17.0.3",56668,"169.254.169.254",80,56B,76B,tcp,2
"Oct 24, 2022 @ 11:13:10.002","172.17.0.3",56672,"169.254.169.254",80,56B,76B,tcp,2
"Oct 24, 2022 @ 11:13:10.002","172.17.0.3",56674,"169.254.169.254",80,56B,76B,tcp,2
"Oct 24, 2022 @ 11:13:10.002","172.17.0.3",56676,"169.254.169.254",80,56B,76B,tcp,2
"Oct 24, 2022 @ 11:13:10.002","172.17.0.3",56678,"169.254.169.254",80,56B,76B,tcp,2
"Oct 24, 2022 @ 11:13:10.002","172.17.0.3",56680,"169.254.169.254",80,56B,76B,tcp,2
"Oct 24, 2022 @ 11:13:10.002","172.17.0.3",56682,"169.254.169.254",80,56B,76B,tcp,2
"Oct 24, 2022 @ 11:13:10.002","172.17.0.3",56686,"169.254.169.254",80,56B,76B,tcp,2
"Oct 24, 2022 @ 11:13:10.002","172.17.0.3",56700,"169.254.169.254",80,56B,76B,tcp,2
"Oct 24, 2022 @ 11:13:10.002","172.17.0.3",56702,"169.254.169.254",80,56B,76B,tcp,2
"Oct 24, 2022 @ 11:13:10.002","172.17.0.3",56704,"169.254.169.254",80,56B,76B,tcp,2
"Oct 24, 2022 @ 11:13:10.002","172.17.0.3",56706,"169.254.169.254",80,56B,76B,tcp,2
"Oct 24, 2022 @ 11:13:10.002","172.17.0.3",56710,"169.254.169.254",80,56B,76B,tcp,2
"Oct 24, 2022 @ 11:13:10.002","172.17.0.3",56712,"169.254.169.254",80,56B,76B,tcp,2
"Oct 24, 2022 @ 11:13:10.002","172.17.0.3",56714,"169.254.169.254",80,56B,76B,tcp,2
"Oct 24, 2022 @ 11:13:10.002","172.17.0.3",47730,"169.254.169.254",443,56B,76B,tcp,2
"Oct 24, 2022 @ 11:13:10.002","172.17.0.3",47752,"169.254.169.254",443,56B,76B,tcp,2
"Oct 24, 2022 @ 11:13:10.002","172.17.0.3",47776,"169.254.169.254",443,56B,76B,tcp,2
"Oct 24, 2022 @ 11:13:00.003","172.17.0.3",56654,"169.254.169.254",80,56B,76B,tcp,2
"Oct 24, 2022 @ 11:13:00.003","172.17.0.3",56656,"169.254.169.254",80,56B,76B,tcp,2
"Oct 24, 2022 @ 11:13:00.003","172.17.0.3",56658,"169.254.169.254",80,56B,76B,tcp,2
"Oct 24, 2022 @ 11:13:00.003","172.17.0.3",56660,"169.254.169.254",80,56B,76B,tcp,2
"Oct 24, 2022 @ 11:13:00.003","172.17.0.3",56664,"169.254.169.254",80,56B,76B,tcp,2
"Oct 24, 2022 @ 11:13:00.003","172.17.0.3",56666,"169.254.169.254",80,56B,76B,tcp,2
"Oct 24, 2022 @ 11:13:00.003","172.17.0.3",56668,"169.254.169.254",80,56B,76B,tcp,2
"Oct 24, 2022 @ 11:13:00.003","172.17.0.3",56672,"169.254.169.254",80,56B,76B,tcp,2
"Oct 24, 2022 @ 11:13:00.003","172.17.0.3",56674,"169.254.169.254",80,56B,76B,tcp,2
"Oct 24, 2022 @ 11:13:00.003","172.17.0.3",56676,"169.254.169.254",80,56B,76B,tcp,2
"Oct 24, 2022 @ 11:13:00.003","172.17.0.3",56678,"169.254.169.254",80,56B,76B,tcp,2
"Oct 24, 2022 @ 11:13:00.003","172.17.0.3",56680,"169.254.169.254",80,56B,76B,tcp,2
"Oct 24, 2022 @ 11:13:00.003","172.17.0.3",56682,"169.254.169.254",80,56B,76B,tcp,2
"Oct 24, 2022 @ 11:13:00.003","172.17.0.3",56686,"169.254.169.254",80,56B,76B,tcp,2
"Oct 24, 2022 @ 11:13:00.003","172.17.0.3",47730,"169.254.169.254",443,56B,76B,tcp,2
"Oct 24, 2022 @ 11:13:00.003","172.17.0.3",47752,"169.254.169.254",443,56B,76B,tcp,2
"Oct 24, 2022 @ 01:43:20.004","172.17.0.3",59646,"20.205.243.166",443,"10.7KB","2.3KB",tcp,44
"Oct 24, 2022 @ 01:43:10.003","172.17.0.3",59646,"20.205.243.166",443,"10.7KB","2.3KB",tcp,44
"Oct 24, 2022 @ 01:43:00.004","172.17.0.3",59646,"20.205.243.166",443,"10.7KB","2.3KB",tcp,44
"Oct 24, 2022 @ 01:42:50.002","172.17.0.3",59646,"20.205.243.166",443,"10.7KB","2.3KB",tcp,44
"Oct 24, 2022 @ 01:42:40.004","172.17.0.3",59646,"20.205.243.166",443,64B,132B,tcp,3
"Oct 24, 2022 @ 01:40:50.002","172.17.0.3",39128,"185.199.111.133",443,"5.8KB","1.3KB",tcp,23
"Oct 24, 2022 @ 01:40:50.002","172.17.0.3",39130,"185.199.111.133",443,"5.7KB","1.3KB",tcp,23
"Oct 24, 2022 @ 01:40:50.002","172.17.0.3",39132,"185.199.111.133",443,"6.2KB","1.3KB",tcp,25
"Oct 24, 2022 @ 01:40:50.002","172.17.0.3",39134,"185.199.111.133",443,"8.5KB","1.4KB",tcp,27
"Oct 24, 2022 @ 01:40:50.002","172.17.0.3",39136,"185.199.111.133",443,"8.5KB","1.4KB",tcp,27
"Oct 24, 2022 @ 01:40:50.002","172.17.0.3",39138,"185.199.111.133",443,"5.7KB","1.3KB",tcp,23
"Oct 24, 2022 @ 01:40:50.002","172.17.0.3",39140,"185.199.111.133",443,"6.5KB","1.3KB",tcp,25
"Oct 24, 2022 @ 01:40:50.002","172.17.0.3",39142,"185.199.111.133",443,"5.6KB","1.3KB",tcp,23
"Oct 24, 2022 @ 01:40:50.002","172.17.0.3",39144,"185.199.111.133",443,"7.9KB","1.4KB",tcp,27
"Oct 24, 2022 @ 01:40:50.002","172.17.0.3",39146,"185.199.111.133",443,"6.2KB","1.3KB",tcp,25
"Oct 24, 2022 @ 01:40:50.002","172.17.0.3",39148,"185.199.111.133",443,"5.3KB","1.3KB",tcp,23
"Oct 24, 2022 @ 01:40:50.002","172.17.0.3",39150,"185.199.111.133",443,"7.9KB","1.4KB",tcp,27
"Oct 24, 2022 @ 01:40:40.003","172.17.0.3",39128,"185.199.111.133",443,"5.8KB","1.3KB",tcp,23
"Oct 24, 2022 @ 01:40:40.003","172.17.0.3",39130,"185.199.111.133",443,"5.7KB","1.3KB",tcp,23
"Oct 24, 2022 @ 01:40:40.003","172.17.0.3",39132,"185.199.111.133",443,"6.2KB","1.3KB",tcp,25
"Oct 24, 2022 @ 01:40:40.003","172.17.0.3",39134,"185.199.111.133",443,"8.5KB","1.4KB",tcp,27
"Oct 24, 2022 @ 01:40:40.003","172.17.0.3",39136,"185.199.111.133",443,"8.5KB","1.4KB",tcp,27
"Oct 24, 2022 @ 01:40:40.003","172.17.0.3",39138,"185.199.111.133",443,"5.7KB","1.3KB",tcp,23
"Oct 24, 2022 @ 01:40:40.003","172.17.0.3",39140,"185.199.111.133",443,"6.5KB","1.3KB",tcp,25
"Oct 24, 2022 @ 01:40:40.003","172.17.0.3",39142,"185.199.111.133",443,"5.6KB","1.3KB",tcp,23
"Oct 24, 2022 @ 01:40:40.003","172.17.0.3",39144,"185.199.111.133",443,"7.9KB","1.4KB",tcp,27
"Oct 24, 2022 @ 01:40:40.003","172.17.0.3",39146,"185.199.111.133",443,"6.2KB","1.3KB",tcp,25
"Oct 24, 2022 @ 01:40:40.003","172.17.0.3",39148,"185.199.111.133",443,"5.3KB","1.3KB",tcp,23
"Oct 24, 2022 @ 01:40:40.003","172.17.0.3",39150,"185.199.111.133",443,"7.9KB","1.4KB",tcp,27
"Oct 24, 2022 @ 01:40:30.003","172.17.0.3",39128,"185.199.111.133",443,"5.8KB","1.3KB",tcp,23
"Oct 24, 2022 @ 01:40:30.003","172.17.0.3",39130,"185.199.111.133",443,"5.7KB","1.3KB",tcp,23
"Oct 24, 2022 @ 01:40:30.003","172.17.0.3",39132,"185.199.111.133",443,"6.2KB","1.3KB",tcp,25
"Oct 24, 2022 @ 01:40:30.003","172.17.0.3",39134,"185.199.111.133",443,"8.5KB","1.4KB",tcp,27
"Oct 24, 2022 @ 01:40:30.003","172.17.0.3",39136,"185.199.111.133",443,"8.5KB","1.4KB",tcp,27
"Oct 24, 2022 @ 01:40:30.003","172.17.0.3",39138,"185.199.111.133",443,"5.7KB","1.3KB",tcp,23
"Oct 24, 2022 @ 01:40:30.003","172.17.0.3",39140,"185.199.111.133",443,"6.5KB","1.3KB",tcp,25
"Oct 24, 2022 @ 01:40:30.003","172.17.0.3",39142,"185.199.111.133",443,"5.6KB","1.3KB",tcp,23
"Oct 24, 2022 @ 01:40:30.003","172.17.0.3",39144,"185.199.111.133",443,"7.9KB","1.4KB",tcp,27
"Oct 24, 2022 @ 01:40:30.003","172.17.0.3",39146,"185.199.111.133",443,"6.2KB","1.3KB",tcp,25
"Oct 24, 2022 @ 01:40:30.003","172.17.0.3",39148,"185.199.111.133",443,"5.3KB","1.3KB",tcp,23
"Oct 24, 2022 @ 01:40:30.003","172.17.0.3",39150,"185.199.111.133",443,"7.9KB","1.4KB",tcp,27
"Oct 24, 2022 @ 01:40:20.003","172.17.0.3",39122,"185.199.111.133",443,"6.7KB","1.4KB",tcp,27
"Oct 24, 2022 @ 01:40:20.003","172.17.0.3",39128,"185.199.111.133",443,"5.8KB","1.3KB",tcp,23
"Oct 24, 2022 @ 01:40:20.003","172.17.0.3",39130,"185.199.111.133",443,"5.7KB","1.3KB",tcp,23
"Oct 24, 2022 @ 01:40:20.003","172.17.0.3",39132,"185.199.111.133",443,"6.2KB","1.3KB",tcp,25
"Oct 24, 2022 @ 01:40:20.003","172.17.0.3",39134,"185.199.111.133",443,"8.5KB","1.4KB",tcp,27
"Oct 24, 2022 @ 01:40:20.003","172.17.0.3",39136,"185.199.111.133",443,"8.5KB","1.4KB",tcp,27
"Oct 24, 2022 @ 01:40:20.003","172.17.0.3",39138,"185.199.111.133",443,"5.7KB","1.3KB",tcp,23
"Oct 24, 2022 @ 01:40:20.003","172.17.0.3",39140,"185.199.111.133",443,"6.5KB","1.3KB",tcp,25
"Oct 24, 2022 @ 01:40:20.003","172.17.0.3",39142,"185.199.111.133",443,"5.6KB","1.3KB",tcp,23
"Oct 24, 2022 @ 01:40:20.003","172.17.0.3",39144,"185.199.111.133",443,"7.9KB","1.4KB",tcp,27
"Oct 24, 2022 @ 01:40:20.003","172.17.0.3",39146,"185.199.111.133",443,"6.2KB","1.3KB",tcp,25
"Oct 24, 2022 @ 01:40:20.003","172.17.0.3",39148,"185.199.111.133",443,"5.3KB","1.3KB",tcp,23
"Oct 24, 2022 @ 01:40:20.003","172.17.0.3",39150,"185.199.111.133",443,"7.9KB","1.4KB",tcp,27
"Oct 24, 2022 @ 01:40:10.004","172.17.0.3",39122,"185.199.111.133",443,"6.7KB","1.4KB",tcp,27
"Oct 24, 2022 @ 01:40:10.004","172.17.0.3",39128,"185.199.111.133",443,"5.8KB","1.3KB",tcp,23
"Oct 24, 2022 @ 01:40:10.004","172.17.0.3",39130,"185.199.111.133",443,"5.7KB","1.3KB",tcp,23
"Oct 24, 2022 @ 01:40:10.004","172.17.0.3",39132,"185.199.111.133",443,"6.2KB","1.3KB",tcp,25
"Oct 24, 2022 @ 01:40:10.004","172.17.0.3",39134,"185.199.111.133",443,"8.5KB","1.4KB",tcp,27
"Oct 24, 2022 @ 01:40:10.004","172.17.0.3",39136,"185.199.111.133",443,"8.5KB","1.4KB",tcp,27
"Oct 24, 2022 @ 01:40:10.004","172.17.0.3",39138,"185.199.111.133",443,"5.7KB","1.3KB",tcp,23
"Oct 24, 2022 @ 01:40:10.004","172.17.0.3",39140,"185.199.111.133",443,"6.5KB","1.3KB",tcp,25
"Oct 24, 2022 @ 01:40:10.004","172.17.0.3",39142,"185.199.111.133",443,"5.6KB","1.3KB",tcp,23
"Oct 24, 2022 @ 01:40:10.004","172.17.0.3",39144,"185.199.111.133",443,"7.9KB","1.4KB",tcp,27
"Oct 24, 2022 @ 01:40:10.004","172.17.0.3",39146,"185.199.111.133",443,"6.2KB","1.3KB",tcp,25
"Oct 24, 2022 @ 01:40:10.004","172.17.0.3",39148,"185.199.111.133",443,"5.3KB","1.3KB",tcp,23
"Oct 24, 2022 @ 01:40:10.004","172.17.0.3",39150,"185.199.111.133",443,"7.9KB","1.4KB",tcp,27
"Oct 24, 2022 @ 01:40:00.002","172.17.0.3",39122,"185.199.111.133",443,"6.7KB","1.4KB",tcp,27
"Oct 24, 2022 @ 01:40:00.002","172.17.0.3",39128,"185.199.111.133",443,"5.8KB","1.3KB",tcp,23
"Oct 24, 2022 @ 01:40:00.002","172.17.0.3",39130,"185.199.111.133",443,"5.7KB","1.3KB",tcp,23
"Oct 24, 2022 @ 01:40:00.002","172.17.0.3",39132,"185.199.111.133",443,"6.2KB","1.3KB",tcp,25
"Oct 24, 2022 @ 01:40:00.002","172.17.0.3",39134,"185.199.111.133",443,"8.5KB","1.4KB",tcp,27
"Oct 24, 2022 @ 01:40:00.002","172.17.0.3",39136,"185.199.111.133",443,"8.5KB","1.4KB",tcp,27
"Oct 24, 2022 @ 01:40:00.002","172.17.0.3",39138,"185.199.111.133",443,"5.7KB","1.3KB",tcp,23
"Oct 24, 2022 @ 01:40:00.002","172.17.0.3",39140,"185.199.111.133",443,"6.5KB","1.3KB",tcp,25
"Oct 24, 2022 @ 01:40:00.002","172.17.0.3",39142,"185.199.111.133",443,"5.6KB","1.3KB",tcp,23
"Oct 24, 2022 @ 01:40:00.002","172.17.0.3",39144,"185.199.111.133",443,"4.1KB","1.1KB",tcp,15
"Oct 24, 2022 @ 01:39:50.001","172.17.0.3",39122,"185.199.111.133",443,"6.7KB","1.4KB",tcp,27
"Oct 24, 2022 @ 01:39:40.002","172.17.0.3",39122,"185.199.111.133",443,"6.7KB","1.4KB",tcp,27
"Oct 24, 2022 @ 01:29:50.004","172.17.0.3",58968,"199.232.44.223",443,"4.8KB","1.7KB",tcp,19
"Oct 24, 2022 @ 01:29:50.004","172.17.0.3",58538,"151.101.192.223",443,"143.1KB","7.9KB",tcp,204
"Oct 24, 2022 @ 01:29:50.004","172.17.0.3",56222,"199.232.45.63",443,1MB,"28.5KB",tcp,"1,186"
"Oct 24, 2022 @ 01:29:50.004","172.17.0.3",58974,"199.232.44.223",443,"4.8KB","1.7KB",tcp,19
"Oct 24, 2022 @ 01:29:50.004","172.17.0.3",58976,"199.232.44.223",443,"4.8KB","1.7KB",tcp,19
"Oct 24, 2022 @ 01:29:50.004","172.17.0.3",58978,"199.232.44.223",443,"4.8KB","1.7KB",tcp,19
"Oct 24, 2022 @ 01:29:40.004","172.17.0.3",58968,"199.232.44.223",443,"4.8KB","1.7KB",tcp,19
"Oct 24, 2022 @ 01:29:40.004","172.17.0.3",58538,"151.101.192.223",443,"143.1KB","7.9KB",tcp,204
"Oct 24, 2022 @ 01:29:40.004","172.17.0.3",56222,"199.232.45.63",443,1MB,"28.5KB",tcp,"1,186"
"Oct 24, 2022 @ 01:29:40.004","172.17.0.3",58974,"199.232.44.223",443,"4.8KB","1.7KB",tcp,19
"Oct 24, 2022 @ 01:29:40.004","172.17.0.3",58976,"199.232.44.223",443,"4.8KB","1.7KB",tcp,19
"Oct 24, 2022 @ 01:29:40.004","172.17.0.3",58978,"199.232.44.223",443,"4.8KB","1.7KB",tcp,19
"Oct 24, 2022 @ 01:29:30.001","172.17.0.3",58968,"199.232.44.223",443,"4.8KB","1.7KB",tcp,19
"Oct 24, 2022 @ 01:29:30.001","172.17.0.3",58538,"151.101.192.223",443,"143.1KB","7.9KB",tcp,204
"Oct 24, 2022 @ 01:29:30.001","172.17.0.3",56222,"199.232.45.63",443,1MB,"28.5KB",tcp,"1,186"
"Oct 24, 2022 @ 01:29:30.001","172.17.0.3",58974,"199.232.44.223",443,"4.8KB","1.7KB",tcp,19
"Oct 24, 2022 @ 01:29:30.001","172.17.0.3",58976,"199.232.44.223",443,"4.8KB","1.7KB",tcp,19
"Oct 24, 2022 @ 01:29:30.001","172.17.0.3",58978,"199.232.44.223",443,"4.8KB","1.7KB",tcp,19
"Oct 24, 2022 @ 01:29:20.002","172.17.0.3",58968,"199.232.44.223",443,"4.8KB","1.7KB",tcp,19
"Oct 24, 2022 @ 01:29:20.002","172.17.0.3",58538,"151.101.192.223",443,"143.1KB","7.9KB",tcp,204
"Oct 24, 2022 @ 01:29:20.002","172.17.0.3",56222,"199.232.45.63",443,1MB,"28.5KB",tcp,"1,186"
"Oct 24, 2022 @ 01:29:20.002","172.17.0.3",58974,"199.232.44.223",443,"4.8KB","1.7KB",tcp,19
"Oct 24, 2022 @ 01:29:20.002","172.17.0.3",58976,"199.232.44.223",443,"4.8KB","1.7KB",tcp,19
"Oct 24, 2022 @ 01:29:20.002","172.17.0.3",58978,"199.232.44.223",443,"4.8KB","1.7KB",tcp,19
"Oct 24, 2022 @ 01:29:10.004","172.17.0.3",58968,"199.232.44.223",443,"4.8KB","1.7KB",tcp,19
"Oct 24, 2022 @ 01:29:10.004","172.17.0.3",58538,"151.101.192.223",443,"143.1KB","7.9KB",tcp,204
"Oct 24, 2022 @ 01:29:10.004","172.17.0.3",56222,"199.232.45.63",443,1MB,"28.5KB",tcp,"1,186"
"Oct 24, 2022 @ 01:29:10.004","172.17.0.3",58974,"199.232.44.223",443,"4.8KB","1.7KB",tcp,19
"Oct 24, 2022 @ 01:29:10.004","172.17.0.3",58976,"199.232.44.223",443,"4.8KB","1.7KB",tcp,19
"Oct 24, 2022 @ 01:29:10.004","172.17.0.3",58978,"199.232.44.223",443,"4.8KB","1.7KB",tcp,19
"Oct 24, 2022 @ 01:20:20.002","172.17.0.3",51454,"20.207.73.82",443,"10.9KB","2.4KB",tcp,47
"Oct 24, 2022 @ 01:20:10.004","172.17.0.3",51454,"20.207.73.82",443,"10.9KB","2.4KB",tcp,47
"Oct 24, 2022 @ 01:20:00.003","172.17.0.3",51454,"20.207.73.82",443,"10.9KB","2.4KB",tcp,47
"Oct 24, 2022 @ 01:19:50.004","172.17.0.3",51454,"20.207.73.82",443,"10.9KB","2.4KB",tcp,47
"Oct 24, 2022 @ 01:19:40.001","172.17.0.3",51454,"20.207.73.82",443,"10.9KB","2.4KB",tcp,47
"Oct 24, 2022 @ 01:19:30.003","172.17.0.3",51454,"20.207.73.82",443,"10.9KB","2.4KB",tcp,47
"Oct 24, 2022 @ 01:19:21.286","172.17.0.3",51454,"20.207.73.82",443,3KB,830B,tcp,14
"Oct 24, 2022 @ 01:14:50.004","172.17.0.3",59236,"185.199.108.133",443,"8.5KB","1.4KB",tcp,27
"Oct 24, 2022 @ 01:14:50.004","172.17.0.3",59238,"185.199.108.133",443,"5.7KB","1.3KB",tcp,23
"Oct 24, 2022 @ 01:14:50.004","172.17.0.3",59240,"185.199.108.133",443,"6.5KB","1.3KB",tcp,25
"Oct 24, 2022 @ 01:14:50.004","172.17.0.3",59242,"185.199.108.133",443,"5.6KB","1.3KB",tcp,23
"Oct 24, 2022 @ 01:14:50.004","172.17.0.3",59244,"185.199.108.133",443,"7.9KB","1.4KB",tcp,27
"Oct 24, 2022 @ 01:14:50.004","172.17.0.3",59246,"185.199.108.133",443,"6.2KB","1.3KB",tcp,25
"Oct 24, 2022 @ 01:14:50.004","172.17.0.3",59248,"185.199.108.133",443,"5.3KB","1.3KB",tcp,23
"Oct 24, 2022 @ 01:14:50.004","172.17.0.3",59250,"185.199.108.133",443,"7.9KB","1.4KB",tcp,27
"Oct 24, 2022 @ 01:14:40.001","172.17.0.3",59236,"185.199.108.133",443,"8.5KB","1.4KB",tcp,27
"Oct 24, 2022 @ 01:14:40.001","172.17.0.3",59238,"185.199.108.133",443,"5.7KB","1.3KB",tcp,23
"Oct 24, 2022 @ 01:14:40.001","172.17.0.3",59240,"185.199.108.133",443,"6.5KB","1.3KB",tcp,25
"Oct 24, 2022 @ 01:14:40.001","172.17.0.3",59242,"185.199.108.133",443,"5.6KB","1.3KB",tcp,23
"Oct 24, 2022 @ 01:14:40.001","172.17.0.3",59244,"185.199.108.133",443,"7.9KB","1.4KB",tcp,27
"Oct 24, 2022 @ 01:14:40.001","172.17.0.3",59246,"185.199.108.133",443,"6.2KB","1.3KB",tcp,25
"Oct 24, 2022 @ 01:14:40.001","172.17.0.3",59248,"185.199.108.133",443,"5.3KB","1.3KB",tcp,23
"Oct 24, 2022 @ 01:14:40.001","172.17.0.3",59250,"185.199.108.133",443,"7.9KB","1.4KB",tcp,27
"Oct 24, 2022 @ 01:14:30.002","172.17.0.3",59236,"185.199.108.133",443,"8.5KB","1.4KB",tcp,27
"Oct 24, 2022 @ 01:14:30.002","172.17.0.3",59238,"185.199.108.133",443,"5.7KB","1.3KB",tcp,23
"Oct 24, 2022 @ 01:14:30.002","172.17.0.3",59240,"185.199.108.133",443,"6.5KB","1.3KB",tcp,25
"Oct 24, 2022 @ 01:14:30.002","172.17.0.3",59242,"185.199.108.133",443,"5.6KB","1.3KB",tcp,23
"Oct 24, 2022 @ 01:14:30.002","172.17.0.3",59244,"185.199.108.133",443,"7.9KB","1.4KB",tcp,27
"Oct 24, 2022 @ 01:14:30.002","172.17.0.3",59246,"185.199.108.133",443,"6.2KB","1.3KB",tcp,25
"Oct 24, 2022 @ 01:14:30.002","172.17.0.3",59248,"185.199.108.133",443,"5.3KB","1.3KB",tcp,23
"Oct 24, 2022 @ 01:14:30.002","172.17.0.3",59250,"185.199.108.133",443,"7.9KB","1.4KB",tcp,27
"Oct 24, 2022 @ 01:14:20.003","172.17.0.3",59228,"185.199.108.133",443,"5.8KB","1.3KB",tcp,23
"Oct 24, 2022 @ 01:14:20.003","172.17.0.3",59230,"185.199.108.133",443,"5.7KB","1.3KB",tcp,23
"Oct 24, 2022 @ 01:14:20.003","172.17.0.3",59232,"185.199.108.133",443,"6.2KB","1.3KB",tcp,25
"Oct 24, 2022 @ 01:14:20.003","172.17.0.3",59234,"185.199.108.133",443,"8.5KB","1.4KB",tcp,27
"Oct 24, 2022 @ 01:14:20.003","172.17.0.3",59236,"185.199.108.133",443,"8.5KB","1.4KB",tcp,27
"Oct 24, 2022 @ 01:14:20.003","172.17.0.3",59238,"185.199.108.133",443,"5.7KB","1.3KB",tcp,23
"Oct 24, 2022 @ 01:14:20.003","172.17.0.3",59240,"185.199.108.133",443,"6.5KB","1.3KB",tcp,25
"Oct 24, 2022 @ 01:14:20.003","172.17.0.3",59242,"185.199.108.133",443,"5.6KB","1.3KB",tcp,23
"Oct 24, 2022 @ 01:14:20.003","172.17.0.3",59244,"185.199.108.133",443,"7.9KB","1.4KB",tcp,27
"Oct 24, 2022 @ 01:14:20.003","172.17.0.3",59246,"185.199.108.133",443,"6.2KB","1.3KB",tcp,25
"Oct 24, 2022 @ 01:14:20.003","172.17.0.3",59248,"185.199.108.133",443,"5.3KB","1.3KB",tcp,23
"Oct 24, 2022 @ 01:14:20.003","172.17.0.3",59250,"185.199.108.133",443,"7.9KB","1.4KB",tcp,27
"Oct 24, 2022 @ 01:14:10.002","172.17.0.3",59228,"185.199.108.133",443,"5.8KB","1.3KB",tcp,23
"Oct 24, 2022 @ 01:14:10.002","172.17.0.3",59230,"185.199.108.133",443,"5.7KB","1.3KB",tcp,23
"Oct 24, 2022 @ 01:14:10.002","172.17.0.3",59232,"185.199.108.133",443,"6.2KB","1.3KB",tcp,25
"Oct 24, 2022 @ 01:14:10.002","172.17.0.3",59234,"185.199.108.133",443,"8.5KB","1.4KB",tcp,27
"Oct 24, 2022 @ 01:14:10.002","172.17.0.3",59236,"185.199.108.133",443,"8.5KB","1.4KB",tcp,27
"Oct 24, 2022 @ 01:14:10.002","172.17.0.3",59238,"185.199.108.133",443,"5.7KB","1.3KB",tcp,23
"Oct 24, 2022 @ 01:14:10.002","172.17.0.3",59240,"185.199.108.133",443,"6.5KB","1.3KB",tcp,25
"Oct 24, 2022 @ 01:14:10.002","172.17.0.3",59242,"185.199.108.133",443,"5.6KB","1.3KB",tcp,23
"Oct 24, 2022 @ 01:14:10.002","172.17.0.3",59244,"185.199.108.133",443,"7.9KB","1.4KB",tcp,27
"Oct 24, 2022 @ 01:14:10.002","172.17.0.3",59246,"185.199.108.133",443,"6.2KB","1.3KB",tcp,25
"Oct 24, 2022 @ 01:14:10.002","172.17.0.3",59248,"185.199.108.133",443,"5.3KB","1.3KB",tcp,23
"Oct 24, 2022 @ 01:14:10.002","172.17.0.3",59250,"185.199.108.133",443,"7.9KB","1.4KB",tcp,27
"Oct 24, 2022 @ 01:14:00.002","172.17.0.3",59228,"185.199.108.133",443,"5.8KB","1.3KB",tcp,23
"Oct 24, 2022 @ 01:14:00.002","172.17.0.3",59230,"185.199.108.133",443,"5.7KB","1.3KB",tcp,23
"Oct 24, 2022 @ 01:14:00.002","172.17.0.3",59232,"185.199.108.133",443,"6.2KB","1.3KB",tcp,25
"Oct 24, 2022 @ 01:14:00.002","172.17.0.3",59234,"185.199.108.133",443,"8.5KB","1.4KB",tcp,27
"Oct 24, 2022 @ 01:14:00.002","172.17.0.3",59236,"185.199.108.133",443,"8.5KB","1.4KB",tcp,27
"Oct 24, 2022 @ 01:14:00.002","172.17.0.3",59238,"185.199.108.133",443,"5.7KB","1.3KB",tcp,23
"Oct 24, 2022 @ 01:14:00.002","172.17.0.3",59240,"185.199.108.133",443,"6.5KB","1.3KB",tcp,25
"Oct 24, 2022 @ 01:14:00.002","172.17.0.3",59242,"185.199.108.133",443,"5.6KB","1.3KB",tcp,23
"Oct 24, 2022 @ 01:14:00.002","172.17.0.3",59244,"185.199.108.133",443,"7.9KB","1.4KB",tcp,27
"Oct 24, 2022 @ 01:14:00.002","172.17.0.3",59246,"185.199.108.133",443,"6.2KB","1.3KB",tcp,25
"Oct 24, 2022 @ 01:14:00.002","172.17.0.3",59248,"185.199.108.133",443,"5.3KB","1.3KB",tcp,23
"Oct 24, 2022 @ 01:14:00.002","172.17.0.3",59250,"185.199.108.133",443,"7.9KB","1.4KB",tcp,27
"Oct 24, 2022 @ 01:13:50.001","172.17.0.3",59214,"185.199.108.133",443,"6.7KB","1.3KB",tcp,25
"Oct 24, 2022 @ 01:13:50.001","172.17.0.3",59228,"185.199.108.133",443,"5.8KB","1.3KB",tcp,23
"Oct 24, 2022 @ 01:13:50.001","172.17.0.3",59230,"185.199.108.133",443,"5.7KB","1.3KB",tcp,23
"Oct 24, 2022 @ 01:13:50.001","172.17.0.3",59232,"185.199.108.133",443,"6.2KB","1.3KB",tcp,25
"Oct 24, 2022 @ 01:13:50.001","172.17.0.3",59234,"185.199.108.133",443,"8.5KB","1.4KB",tcp,27
"Oct 24, 2022 @ 01:13:50.001","172.17.0.3",59236,"185.199.108.133",443,"4.1KB","1.1KB",tcp,15
"Oct 24, 2022 @ 01:13:40.004","172.17.0.3",59214,"185.199.108.133",443,"6.7KB","1.3KB",tcp,25
"Oct 24, 2022 @ 01:13:30.003","172.17.0.3",59214,"185.199.108.133",443,"6.7KB","1.3KB",tcp,25
"Oct 24, 2022 @ 01:13:20.004","172.17.0.3",59204,"185.199.108.133",443,"6.7KB","1.3KB",tcp,25
"Oct 24, 2022 @ 01:13:20.004","172.17.0.3",59214,"185.199.108.133",443,"6.7KB","1.3KB",tcp,25
"Oct 24, 2022 @ 01:13:10.004","172.17.0.3",59204,"185.199.108.133",443,"6.7KB","1.3KB",tcp,25
"Oct 24, 2022 @ 01:13:10.004","172.17.0.3",59214,"185.199.108.133",443,"6.7KB","1.3KB",tcp,25
"Oct 24, 2022 @ 01:13:00.004","172.17.0.3",59204,"185.199.108.133",443,"6.7KB","1.3KB",tcp,25
"Oct 24, 2022 @ 01:12:50.004","172.17.0.3",59204,"185.199.108.133",443,"6.7KB","1.3KB",tcp,25
"Oct 24, 2022 @ 01:12:40.004","172.17.0.3",59204,"185.199.108.133",443,"6.7KB","1.3KB",tcp,25
"Oct 24, 2022 @ 01:12:30.003","172.17.0.3",59204,"185.199.108.133",443,"6.7KB","1.3KB",tcp,25
"Oct 24, 2022 @ 01:06:51.362","172.18.0.3",37633,"172.18.0.2",80,56B,60B,tcp,2
"Oct 24, 2022 @ 01:06:51.362","172.18.0.3",37633,"172.18.0.2",443,56B,60B,tcp,2
"Oct 24, 2022 @ 01:05:49.452","172.18.0.3",37633,"172.18.0.2",80,56B,60B,tcp,2
"Oct 24, 2022 @ 01:05:49.452","172.18.0.3",37633,"172.18.0.2",443,56B,60B,tcp,2
"Oct 24, 2022 @ 01:04:34.428","172.18.0.3",37633,"172.18.0.2",80,56B,60B,tcp,2
"Oct 24, 2022 @ 01:04:34.428","172.18.0.3",37633,"172.18.0.2",443,56B,60B,tcp,2
"Oct 24, 2022 @ 01:03:40.004","172.18.0.3",37633,"172.18.0.2",80,56B,60B,tcp,2
"Oct 24, 2022 @ 01:03:40.004","172.18.0.3",37633,"172.18.0.2",443,56B,60B,tcp,2
"Oct 24, 2022 @ 00:52:40.001","172.17.0.3",39374,"169.254.169.254",80,56B,76B,tcp,2
"Oct 24, 2022 @ 00:52:40.001","172.17.0.3",39376,"169.254.169.254",80,56B,76B,tcp,2
"Oct 24, 2022 @ 00:52:40.001","172.17.0.3",39380,"169.254.169.254",80,56B,76B,tcp,2
"Oct 24, 2022 @ 00:52:40.001","172.17.0.3",39382,"169.254.169.254",80,56B,76B,tcp,2
"Oct 24, 2022 @ 00:52:40.001","172.17.0.3",39384,"169.254.169.254",80,56B,76B,tcp,2
"Oct 24, 2022 @ 00:52:40.001","172.17.0.3",39386,"169.254.169.254",80,56B,76B,tcp,2
"Oct 24, 2022 @ 00:52:40.001","172.17.0.3",39388,"169.254.169.254",80,56B,76B,tcp,2
"Oct 24, 2022 @ 00:52:40.001","172.17.0.3",33220,"169.254.169.254",443,56B,76B,tcp,2
"Oct 24, 2022 @ 00:52:29.788","172.17.0.3",39374,"169.254.169.254",80,56B,76B,tcp,2
"Oct 24, 2022 @ 00:52:29.788","172.17.0.3",39376,"169.254.169.254",80,56B,76B,tcp,2
"Oct 24, 2022 @ 00:52:29.788","172.17.0.3",39380,"169.254.169.254",80,56B,76B,tcp,2
"Oct 24, 2022 @ 00:52:29.788","172.17.0.3",39382,"169.254.169.254",80,56B,76B,tcp,2
"Oct 24, 2022 @ 00:52:29.788","172.17.0.3",39384,"169.254.169.254",80,56B,76B,tcp,2
"Oct 24, 2022 @ 00:52:29.788","172.17.0.3",39386,"169.254.169.254",80,56B,76B,tcp,2
"Oct 24, 2022 @ 00:52:29.788","172.17.0.3",39388,"169.254.169.254",80,56B,76B,tcp,2
"Oct 24, 2022 @ 00:52:29.788","172.17.0.3",33220,"169.254.169.254",443,56B,76B,tcp,2
"Oct 24, 2022 @ 00:52:19.789","172.17.0.3",39374,"169.254.169.254",80,56B,76B,tcp,2
"Oct 24, 2022 @ 00:52:19.789","172.17.0.3",39376,"169.254.169.254",80,56B,76B,tcp,2
"Oct 24, 2022 @ 00:52:19.789","172.17.0.3",39380,"169.254.169.254",80,56B,76B,tcp,2
"Oct 24, 2022 @ 00:52:19.789","172.17.0.3",39382,"169.254.169.254",80,56B,76B,tcp,2
"Oct 24, 2022 @ 00:52:19.789","172.17.0.3",39384,"169.254.169.254",80,56B,76B,tcp,2
"Oct 24, 2022 @ 00:52:19.789","172.17.0.3",39386,"169.254.169.254",80,56B,76B,tcp,2
"Oct 24, 2022 @ 00:52:19.789","172.17.0.3",39388,"169.254.169.254",80,56B,76B,tcp,2
"Oct 24, 2022 @ 00:52:19.789","172.17.0.3",33220,"169.254.169.254",443,56B,76B,tcp,2
"Oct 24, 2022 @ 00:52:09.790","172.17.0.3",39374,"169.254.169.254",80,56B,76B,tcp,2
"Oct 24, 2022 @ 00:52:09.790","172.17.0.3",39376,"169.254.169.254",80,56B,76B,tcp,2
"Oct 24, 2022 @ 00:52:09.790","172.17.0.3",39380,"169.254.169.254",80,56B,76B,tcp,2
"Oct 24, 2022 @ 00:52:09.790","172.17.0.3",39382,"169.254.169.254",80,56B,76B,tcp,2
"Oct 24, 2022 @ 00:52:09.790","172.17.0.3",39384,"169.254.169.254",80,56B,76B,tcp,2
"Oct 24, 2022 @ 00:52:09.790","172.17.0.3",39386,"169.254.169.254",80,56B,76B,tcp,2
"Oct 24, 2022 @ 00:52:09.790","172.17.0.3",39388,"169.254.169.254",80,56B,76B,tcp,2
"Oct 24, 2022 @ 00:52:09.790","172.17.0.3",33220,"169.254.169.254",443,56B,76B,tcp,2
"Oct 24, 2022 @ 00:51:10.005","172.17.0.3",39310,"169.254.169.254",80,56B,76B,tcp,2
"Oct 24, 2022 @ 00:51:10.005","172.17.0.3",39312,"169.254.169.254",80,56B,76B,tcp,2
"Oct 24, 2022 @ 00:51:10.005","172.17.0.3",39314,"169.254.169.254",80,56B,76B,tcp,2
"Oct 24, 2022 @ 00:51:10.005","172.17.0.3",39316,"169.254.169.254",80,56B,76B,tcp,2
"Oct 24, 2022 @ 00:51:10.005","172.17.0.3",39318,"169.254.169.254",80,56B,76B,tcp,2
"Oct 24, 2022 @ 00:51:10.005","172.17.0.3",39320,"169.254.169.254",80,56B,76B,tcp,2
"Oct 24, 2022 @ 00:51:10.005","172.17.0.3",39322,"169.254.169.254",80,56B,76B,tcp,2
"Oct 24, 2022 @ 00:51:10.005","172.17.0.3",33166,"169.254.169.254",443,56B,76B,tcp,2
"Oct 24, 2022 @ 00:51:00.005","172.17.0.3",39310,"169.254.169.254",80,56B,76B,tcp,2
"Oct 24, 2022 @ 00:51:00.005","172.17.0.3",39312,"169.254.169.254",80,56B,76B,tcp,2
"Oct 24, 2022 @ 00:51:00.005","172.17.0.3",39314,"169.254.169.254",80,56B,76B,tcp,2
"Oct 24, 2022 @ 00:51:00.005","172.17.0.3",39316,"169.254.169.254",80,56B,76B,tcp,2
"Oct 24, 2022 @ 00:51:00.005","172.17.0.3",39318,"169.254.169.254",80,56B,76B,tcp,2
"Oct 24, 2022 @ 00:51:00.005","172.17.0.3",39320,"169.254.169.254",80,56B,76B,tcp,2
"Oct 24, 2022 @ 00:51:00.005","172.17.0.3",39322,"169.254.169.254",80,56B,76B,tcp,2
"Oct 24, 2022 @ 00:51:00.005","172.17.0.3",33166,"169.254.169.254",443,56B,76B,tcp,2
"Oct 24, 2022 @ 00:50:50.004","172.17.0.3",39310,"169.254.169.254",80,56B,76B,tcp,2
"Oct 24, 2022 @ 00:50:50.004","172.17.0.3",39312,"169.254.169.254",80,56B,76B,tcp,2
"Oct 24, 2022 @ 00:50:50.004","172.17.0.3",39314,"169.254.169.254",80,56B,76B,tcp,2
"Oct 24, 2022 @ 00:50:50.004","172.17.0.3",39316,"169.254.169.254",80,56B,76B,tcp,2
"Oct 24, 2022 @ 00:50:50.004","172.17.0.3",39318,"169.254.169.254",80,56B,76B,tcp,2
"Oct 24, 2022 @ 00:50:50.004","172.17.0.3",39320,"169.254.169.254",80,56B,76B,tcp,2
"Oct 24, 2022 @ 00:50:50.004","172.17.0.3",39322,"169.254.169.254",80,56B,76B,tcp,2
"Oct 24, 2022 @ 00:50:50.004","172.17.0.3",33166,"169.254.169.254",443,56B,76B,tcp,2
"Oct 24, 2022 @ 00:50:40.004","172.17.0.3",39234,"169.254.169.254",80,56B,76B,tcp,2
"Oct 24, 2022 @ 00:50:40.004","172.17.0.3",39236,"169.254.169.254",80,56B,76B,tcp,2
"Oct 24, 2022 @ 00:50:40.004","172.17.0.3",39238,"169.254.169.254",80,56B,76B,tcp,2
"Oct 24, 2022 @ 00:50:40.004","172.17.0.3",39240,"169.254.169.254",80,56B,76B,tcp,2
"Oct 24, 2022 @ 00:50:40.004","172.17.0.3",39244,"169.254.169.254",80,56B,76B,tcp,2
"Oct 24, 2022 @ 00:50:40.004","172.17.0.3",39246,"169.254.169.254",80,56B,76B,tcp,2
"Oct 24, 2022 @ 00:50:40.004","172.17.0.3",39248,"169.254.169.254",80,56B,76B,tcp,2
"Oct 24, 2022 @ 00:50:40.004","172.17.0.3",39252,"169.254.169.254",80,56B,76B,tcp,2
"Oct 24, 2022 @ 00:50:40.004","172.17.0.3",39258,"169.254.169.254",80,56B,76B,tcp,2
"Oct 24, 2022 @ 00:50:40.004","172.17.0.3",39256,"169.254.169.254",80,56B,76B,tcp,2
"Oct 24, 2022 @ 00:50:40.004","172.17.0.3",39262,"169.254.169.254",80,56B,76B,tcp,2
"Oct 24, 2022 @ 00:50:40.004","172.17.0.3",39264,"169.254.169.254",80,56B,76B,tcp,2
"Oct 24, 2022 @ 00:50:40.004","172.17.0.3",39266,"169.254.169.254",80,56B,76B,tcp,2
"Oct 24, 2022 @ 00:50:40.004","172.17.0.3",39268,"169.254.169.254",80,56B,76B,tcp,2
"Oct 24, 2022 @ 00:50:40.004","172.17.0.3",39274,"169.254.169.254",80,56B,76B,tcp,2
"Oct 24, 2022 @ 00:50:40.004","172.17.0.3",39276,"169.254.169.254",80,56B,76B,tcp,2
"Oct 24, 2022 @ 00:50:40.004","172.17.0.3",39278,"169.254.169.254",80,56B,76B,tcp,2
"Oct 24, 2022 @ 00:50:40.004","172.17.0.3",39280,"169.254.169.254",80,56B,76B,tcp,2
"Oct 24, 2022 @ 00:50:40.004","172.17.0.3",39282,"169.254.169.254",80,56B,76B,tcp,2
"Oct 24, 2022 @ 00:50:40.004","172.17.0.3",39284,"169.254.169.254",80,56B,76B,tcp,2
"Oct 24, 2022 @ 00:50:40.004","172.17.0.3",39288,"169.254.169.254",80,56B,76B,tcp,2
"Oct 24, 2022 @ 00:50:40.004","172.17.0.3",39292,"169.254.169.254",80,56B,76B,tcp,2
"Oct 24, 2022 @ 00:50:40.004","172.17.0.3",39296,"169.254.169.254",80,56B,76B,tcp,2
"Oct 24, 2022 @ 00:50:40.004","172.17.0.3",39298,"169.254.169.254",80,56B,76B,tcp,2
"Oct 24, 2022 @ 00:50:40.004","172.17.0.3",39300,"169.254.169.254",80,56B,76B,tcp,2
"Oct 24, 2022 @ 00:50:40.004","172.17.0.3",39302,"169.254.169.254",80,56B,76B,tcp,2
"Oct 24, 2022 @ 00:50:40.004","172.17.0.3",39304,"169.254.169.254",80,56B,76B,tcp,2
"Oct 24, 2022 @ 00:50:40.004","172.17.0.3",39306,"169.254.169.254",80,56B,76B,tcp,2
"Oct 24, 2022 @ 00:50:40.004","172.17.0.3",39310,"169.254.169.254",80,56B,76B,tcp,2
"Oct 24, 2022 @ 00:50:40.004","172.17.0.3",39312,"169.254.169.254",80,56B,76B,tcp,2
"Oct 24, 2022 @ 00:50:40.004","172.17.0.3",39314,"169.254.169.254",80,56B,76B,tcp,2
"Oct 24, 2022 @ 00:50:40.004","172.17.0.3",39316,"169.254.169.254",80,56B,76B,tcp,2
"Oct 24, 2022 @ 00:50:40.004","172.17.0.3",39318,"169.254.169.254",80,56B,76B,tcp,2
"Oct 24, 2022 @ 00:50:40.004","172.17.0.3",39320,"169.254.169.254",80,56B,76B,tcp,2
"Oct 24, 2022 @ 00:50:40.004","172.17.0.3",39322,"169.254.169.254",80,56B,76B,tcp,2
"Oct 24, 2022 @ 00:50:40.004","172.17.0.3",33084,"169.254.169.254",443,56B,76B,tcp,2
"Oct 24, 2022 @ 00:50:40.004","172.17.0.3",33096,"169.254.169.254",443,56B,76B,tcp,2
"Oct 24, 2022 @ 00:50:40.004","172.17.0.3",33128,"169.254.169.254",443,56B,76B,tcp,2
"Oct 24, 2022 @ 00:50:40.004","172.17.0.3",33136,"169.254.169.254",443,56B,76B,tcp,2
"Oct 24, 2022 @ 00:50:40.004","172.17.0.3",33166,"169.254.169.254",443,56B,76B,tcp,2
"Oct 24, 2022 @ 00:50:30.006","172.17.0.3",39234,"169.254.169.254",80,56B,76B,tcp,2
"Oct 24, 2022 @ 00:50:30.006","172.17.0.3",39236,"169.254.169.254",80,56B,76B,tcp,2
"Oct 24, 2022 @ 00:50:30.006","172.17.0.3",39238,"169.254.169.254",80,56B,76B,tcp,2
"Oct 24, 2022 @ 00:50:30.006","172.17.0.3",39240,"169.254.169.254",80,56B,76B,tcp,2
"Oct 24, 2022 @ 00:50:30.006","172.17.0.3",39244,"169.254.169.254",80,56B,76B,tcp,2
"Oct 24, 2022 @ 00:50:30.006","172.17.0.3",39246,"169.254.169.254",80,56B,76B,tcp,2
"Oct 24, 2022 @ 00:50:30.006","172.17.0.3",39248,"169.254.169.254",80,56B,76B,tcp,2
"Oct 24, 2022 @ 00:50:30.006","172.17.0.3",39252,"169.254.169.254",80,56B,76B,tcp,2
"Oct 24, 2022 @ 00:50:30.006","172.17.0.3",39258,"169.254.169.254",80,56B,76B,tcp,2
"Oct 24, 2022 @ 00:50:30.006","172.17.0.3",39256,"169.254.169.254",80,56B,76B,tcp,2
"Oct 24, 2022 @ 00:50:30.006","172.17.0.3",39262,"169.254.169.254",80,56B,76B,tcp,2
"Oct 24, 2022 @ 00:50:30.006","172.17.0.3",39264,"169.254.169.254",80,56B,76B,tcp,2
"Oct 24, 2022 @ 00:50:30.006","172.17.0.3",39266,"169.254.169.254",80,56B,76B,tcp,2
"Oct 24, 2022 @ 00:50:30.006","172.17.0.3",39268,"169.254.169.254",80,56B,76B,tcp,2
"Oct 24, 2022 @ 00:50:30.006","172.17.0.3",39274,"169.254.169.254",80,56B,76B,tcp,2
"Oct 24, 2022 @ 00:50:30.006","172.17.0.3",39276,"169.254.169.254",80,56B,76B,tcp,2
"Oct 24, 2022 @ 00:50:30.006","172.17.0.3",39278,"169.254.169.254",80,56B,76B,tcp,2
"Oct 24, 2022 @ 00:50:30.006","172.17.0.3",39280,"169.254.169.254",80,56B,76B,tcp,2
"Oct 24, 2022 @ 00:50:30.006","172.17.0.3",39282,"169.254.169.254",80,56B,76B,tcp,2
"Oct 24, 2022 @ 00:50:30.006","172.17.0.3",39284,"169.254.169.254",80,56B,76B,tcp,2
"Oct 24, 2022 @ 00:50:30.006","172.17.0.3",39288,"169.254.169.254",80,56B,76B,tcp,2
"Oct 24, 2022 @ 00:50:30.006","172.17.0.3",39292,"169.254.169.254",80,56B,76B,tcp,2
"Oct 24, 2022 @ 00:50:30.006","172.17.0.3",39296,"169.254.169.254",80,56B,76B,tcp,2
"Oct 24, 2022 @ 00:50:30.006","172.17.0.3",39298,"169.254.169.254",80,56B,76B,tcp,2
"Oct 24, 2022 @ 00:50:30.006","172.17.0.3",39300,"169.254.169.254",80,56B,76B,tcp,2
"Oct 24, 2022 @ 00:50:30.006","172.17.0.3",39302,"169.254.169.254",80,56B,76B,tcp,2
"Oct 24, 2022 @ 00:50:30.006","172.17.0.3",39304,"169.254.169.254",80,56B,76B,tcp,2
"Oct 24, 2022 @ 00:50:30.006","172.17.0.3",39306,"169.254.169.254",80,56B,76B,tcp,2
"Oct 24, 2022 @ 00:50:30.006","172.17.0.3",39310,"169.254.169.254",80,56B,76B,tcp,2
"Oct 24, 2022 @ 00:50:30.006","172.17.0.3",39312,"169.254.169.254",80,56B,76B,tcp,2
"Oct 24, 2022 @ 00:50:30.006","172.17.0.3",39314,"169.254.169.254",80,56B,76B,tcp,2
"Oct 24, 2022 @ 00:50:30.006","172.17.0.3",39316,"169.254.169.254",80,56B,76B,tcp,2
"Oct 24, 2022 @ 00:50:30.006","172.17.0.3",39318,"169.254.169.254",80,56B,76B,tcp,2
"Oct 24, 2022 @ 00:50:30.006","172.17.0.3",39320,"169.254.169.254",80,56B,76B,tcp,2
"Oct 24, 2022 @ 00:50:30.006","172.17.0.3",39322,"169.254.169.254",80,56B,76B,tcp,2
"Oct 24, 2022 @ 00:50:30.006","172.17.0.3",33084,"169.254.169.254",443,56B,76B,tcp,2
"Oct 24, 2022 @ 00:50:30.006","172.17.0.3",33096,"169.254.169.254",443,56B,76B,tcp,2
"Oct 24, 2022 @ 00:50:30.006","172.17.0.3",33128,"169.254.169.254",443,56B,76B,tcp,2
"Oct 24, 2022 @ 00:50:30.006","172.17.0.3",33136,"169.254.169.254",443,56B,76B,tcp,2
"Oct 24, 2022 @ 00:50:30.006","172.17.0.3",33166,"169.254.169.254",443,56B,76B,tcp,2
"Oct 24, 2022 @ 00:50:20.010","172.17.0.3",39234,"169.254.169.254",80,56B,76B,tcp,2
"Oct 24, 2022 @ 00:50:20.010","172.17.0.3",39236,"169.254.169.254",80,56B,76B,tcp,2
"Oct 24, 2022 @ 00:50:20.010","172.17.0.3",39238,"169.254.169.254",80,56B,76B,tcp,2
"Oct 24, 2022 @ 00:50:20.010","172.17.0.3",39240,"169.254.169.254",80,56B,76B,tcp,2
"Oct 24, 2022 @ 00:50:20.010","172.17.0.3",39244,"169.254.169.254",80,56B,76B,tcp,2
"Oct 24, 2022 @ 00:50:20.010","172.17.0.3",39246,"169.254.169.254",80,56B,76B,tcp,2
"Oct 24, 2022 @ 00:50:20.010","172.17.0.3",39248,"169.254.169.254",80,56B,76B,tcp,2
"Oct 24, 2022 @ 00:50:20.010","172.17.0.3",39252,"169.254.169.254",80,56B,76B,tcp,2
"Oct 24, 2022 @ 00:50:20.010","172.17.0.3",39258,"169.254.169.254",80,56B,76B,tcp,2
"Oct 24, 2022 @ 00:50:20.010","172.17.0.3",39256,"169.254.169.254",80,56B,76B,tcp,2
"Oct 24, 2022 @ 00:50:20.010","172.17.0.3",39262,"169.254.169.254",80,56B,76B,tcp,2
"Oct 24, 2022 @ 00:50:20.010","172.17.0.3",39264,"169.254.169.254",80,56B,76B,tcp,2
"Oct 24, 2022 @ 00:50:20.010","172.17.0.3",39266,"169.254.169.254",80,56B,76B,tcp,2
"Oct 24, 2022 @ 00:50:20.010","172.17.0.3",39268,"169.254.169.254",80,56B,76B,tcp,2
"Oct 24, 2022 @ 00:50:20.010","172.17.0.3",39274,"169.254.169.254",80,56B,76B,tcp,2
"Oct 24, 2022 @ 00:50:20.010","172.17.0.3",39276,"169.254.169.254",80,56B,76B,tcp,2
"Oct 24, 2022 @ 00:50:20.010","172.17.0.3",39278,"169.254.169.254",80,56B,76B,tcp,2
"Oct 24, 2022 @ 00:50:20.010","172.17.0.3",39280,"169.254.169.254",80,56B,76B,tcp,2
"Oct 24, 2022 @ 00:50:20.010","172.17.0.3",39282,"169.254.169.254",80,56B,76B,tcp,2
"Oct 24, 2022 @ 00:50:20.010","172.17.0.3",39284,"169.254.169.254",80,56B,76B,tcp,2
"Oct 24, 2022 @ 00:50:20.010","172.17.0.3",39288,"169.254.169.254",80,56B,76B,tcp,2
"Oct 24, 2022 @ 00:50:20.010","172.17.0.3",39292,"169.254.169.254",80,56B,76B,tcp,2
"Oct 24, 2022 @ 00:50:20.010","172.17.0.3",39296,"169.254.169.254",80,56B,76B,tcp,2
"Oct 24, 2022 @ 00:50:20.010","172.17.0.3",39298,"169.254.169.254",80,56B,76B,tcp,2
"Oct 24, 2022 @ 00:50:20.010","172.17.0.3",39300,"169.254.169.254",80,56B,76B,tcp,2
"Oct 24, 2022 @ 00:50:20.010","172.17.0.3",39302,"169.254.169.254",80,56B,76B,tcp,2
"Oct 24, 2022 @ 00:50:20.010","172.17.0.3",39304,"169.254.169.254",80,56B,76B,tcp,2
"Oct 24, 2022 @ 00:50:20.010","172.17.0.3",39306,"169.254.169.254",80,56B,76B,tcp,2
"Oct 24, 2022 @ 00:50:20.010","172.17.0.3",39310,"169.254.169.254",80,56B,76B,tcp,2
"Oct 24, 2022 @ 00:50:20.010","172.17.0.3",39312,"169.254.169.254",80,56B,76B,tcp,2
"Oct 24, 2022 @ 00:50:20.010","172.17.0.3",39314,"169.254.169.254",80,56B,76B,tcp,2
"Oct 24, 2022 @ 00:50:20.010","172.17.0.3",39316,"169.254.169.254",80,56B,76B,tcp,2
"Oct 24, 2022 @ 00:50:20.010","172.17.0.3",39318,"169.254.169.254",80,56B,76B,tcp,2
"Oct 24, 2022 @ 00:50:20.010","172.17.0.3",39320,"169.254.169.254",80,56B,76B,tcp,2
"Oct 24, 2022 @ 00:50:20.010","172.17.0.3",39322,"169.254.169.254",80,56B,76B,tcp,2
"Oct 24, 2022 @ 00:50:20.010","172.17.0.3",33084,"169.254.169.254",443,56B,76B,tcp,2
"Oct 24, 2022 @ 00:50:20.010","172.17.0.3",33096,"169.254.169.254",443,56B,76B,tcp,2
"Oct 24, 2022 @ 00:50:20.010","172.17.0.3",33128,"169.254.169.254",443,56B,76B,tcp,2
"Oct 24, 2022 @ 00:50:20.010","172.17.0.3",33136,"169.254.169.254",443,56B,76B,tcp,2
"Oct 24, 2022 @ 00:50:20.010","172.17.0.3",33166,"169.254.169.254",443,56B,76B,tcp,2
